sample_key,case_id,background,data,question,judge,explanation,token_usage
72,book4_r1\023.json,"An environmental pressure group contacted backbench MPs from two political parties (neither of which were in government), just before and immediately after a general election, and asked them for their views on environmental issues. The responses were analysed using content analysis. The number of positive words in each politician's statements were as follows:

\begin{tabular}{|l|l|l|l|}
\hline \multicolumn{2}{|c|}{\multirow{2}{*}{}} &  \multicolumn{2}{|l|}{Political party} \\
\hline & & Beige & Grey \\
\hline \multirow{30}{*}{Timing} & & 9 & 9 \\
\hline & 11 & 9 \\
\hline & 11 & 11 \\
\hline & 7 & 12 \\
\hline Before & 14 & 14 \\
\hline & 12 & 11 \\
\hline & 10 & 10 \\
\hline & 8 & 7 \\
\hline & 7 & 6 \\
\hline & 8 & 9 \\
\hline & 8 & 5 \\
\hline & 6 & 6 \\
\hline & 5 & 7 \\
\hline & 8 & 4 \\
\hline After & 11 & 9 \\
\hline
\end{tabular}
\begin{tabular}{|l|l|}
\hline \multicolumn{2}{|l|}{Political party} \\
\hline Beige & Grey \\
\hline 9 & 10 \\
\hline 10 & 7 \\
\hline 8 & 5 \\
\hline 7 & 7 \\
\hline 7 & 6 \\
\hline
\end{tabular}

Assume that each MP was randomly selected before the election and, if re-elected, was omitted from the random survey after the election (i.e. the data are independent).",,"(i) Carry out a two-way analysis of variance using ranks to determine whether there is an effect of party, timing (before or after the general election) or an interaction between the two.",1,无,"{'completion_tokens': 24, 'prompt_tokens': 1098, 'total_tokens': 1122, 'completion_tokens_details': {'accepted_prediction_tokens': 0, 'audio_tokens': 0, 'reasoning_tokens': 0, 'rejected_prediction_tokens': 0}, 'prompt_tokens_details': {'audio_tokens': 0, 'cached_tokens': 0}}"
69,book4_r1\021.json,"The percentages of all forest lost per year in ten randomly selected countries in each of Central America and South East Asia are given below. Half of the countries are island countries, and half are mainland countries. The arcsine-transformed data (to normalise the distributions) are given alongside the original data (the variances of the transformed data have been subjected to an $F_{\text {max }}$ test and are not significantly different).

\begin{tabular}{|l|l|l|l|l|}
\hline & \multicolumn{4}{|l|}{Region} \\
\hline & \multicolumn{2}{|l|}{Central America} & \multicolumn{2}{|l|}{South East Asia} \\
\hline & \% lost & arcsine-transformed & \% lost & arcsine-transformed \\
\hline \multirow{8}{*}{Mainland} & 3.1 & 0.177 & 1.0 & 0.100 \\
\hline 3.2 & 0.180 & 1.5 & 0.123 \\
\hline 2.0 & 0.142 & 2.5 & 0.159 \\
\hline 2.3 & 0.152 & 1.7 & 0.131 \\
\hline & 2.7 & 0.165 & 0.2 & 0.045 \\
\hline Location \\
\hline  \multirow{8}{*}{Island} & 0.1 & 0.032 & 0.1 & 0.032 \\
\hline 0.6 & 0.078 & 0.1 & 0.032 \\
\hline 3.8 & 0.196 & 0.2 & 0.045 \\
\hline 3.0 & 0.174 & 1.5 & 0.123 \\
\hline & 0.4 & 0.063 & 0.8 & 0.090 \\
\hline
\end{tabular}",,"Using multiple comparison tests where appropriate, what do you conclude from this analysis?",1,无,"{'completion_tokens': 24, 'prompt_tokens': 943, 'total_tokens': 967, 'completion_tokens_details': {'accepted_prediction_tokens': 0, 'audio_tokens': 0, 'reasoning_tokens': 0, 'rejected_prediction_tokens': 0}, 'prompt_tokens_details': {'audio_tokens': 0, 'cached_tokens': 0}}"
43,book4_r1\014.json,"For several African countries, the number of physicians (per 10000 population) and the infant mortality rate (number of deaths of infants less than one year old per 1000 live births) are recorded below:

\begin{tabular}{llllll}
\hline Country & Number of physicians & Infant mortality rate & Country & Number of physicians & Infant mortality rate \\
\hline A & 0.2 & 126 & J & 0.8 & 116 \\
B & 0.5 & 102 & K & 0.3 & 124
\end{tabular}
\begin{tabular}{|l|l|l|l|l|l|}
\hline Country & Number of physicians & Infant mortality rate & Country & Number of physicians & Infant mortality rate \\
\hline C & 1.3 & 65 & L & 1.3 & 96 \\
\hline D & 0.1 & 142 & M & 0.5 & 117 \\
\hline E & 1.4 & 121 & N & 0.7 & 142 \\
\hline F & 1.2 & 64 & O & 0.5 & 107 \\
\hline G & 1.1 & 79 & P & 0.8 & 85 \\
\hline H & 0.4 & 138 & Q & 1.4 & 71 \\
\hline I & 0.4 & 159 & & & \\
\hline
\end{tabular}",,Draw a scatterplot of the data.,1,无,"{'completion_tokens': 24, 'prompt_tokens': 746, 'total_tokens': 770, 'completion_tokens_details': {'accepted_prediction_tokens': 0, 'audio_tokens': 0, 'reasoning_tokens': 0, 'rejected_prediction_tokens': 0}, 'prompt_tokens_details': {'audio_tokens': 0, 'cached_tokens': 0}}"
14,book4_r1\003.json,"Identify which of the variables below are derived:
\begin{table}
\captionsetup{labelformat=empty}
\caption{1.3 Identify which of the variables below are derived:}
\begin{tabular}{|l|l|l|}
\hline Variable & Derived & Not derived \\
\hline pH of soil & & \\
\hline Number of households that own a car & & \\
\hline Percentage of tree canopy cover in a woodland & & \\
\hline Estimate of tree canopy cover in a woodland (open, intermediate, closed) & & \\
\hline Type of soil (designated as clay, loam or sandy & & \\
\hline
\end{tabular}
\end{table}",,"Is the variable 'Estimate of tree canopy cover in a woodland (open, intermediate, closed)' derived or not derived?",0,该题仅要求识别单个变量是否为派生变量，属于对基本概念的直接判断，过于基础和简单，不足以有效检测学生的统计学水平。,"{'completion_tokens': 63, 'prompt_tokens': 571, 'total_tokens': 634, 'completion_tokens_details': {'accepted_prediction_tokens': 0, 'audio_tokens': 0, 'reasoning_tokens': 0, 'rejected_prediction_tokens': 0}, 'prompt_tokens_details': {'audio_tokens': 0, 'cached_tokens': 0}}"
10,book4_r1\002.json,"Identify whether the variables below are continuous or discrete:

\begin{tabular}{|l|l|l|}
\hline Variable & Continuous & Discrete \\
\hline Amount of rainfall in a day (mm) & & \\
\hline Number of people with an interest in environmental issues & & \\
\hline Percentage of leaves on a tree displaying fungal infection & & \\
\hline The concentration of cadmium in roadside soils & & \\
\hline Type of site (either reclaimed or not) & & \\
\hline
\end{tabular}",,Determine whether 'Type of site (either reclaimed or not)' is continuous or discrete.,0,该题仅要求判断单个变量“Type of site (either reclaimed or not)”是连续还是离散，属于对基本概念的直接识别与理解，过于基础和简单，不适合用于检测学生的统计学水平。,"{'completion_tokens': 75, 'prompt_tokens': 525, 'total_tokens': 600, 'completion_tokens_details': {'accepted_prediction_tokens': 0, 'audio_tokens': 0, 'reasoning_tokens': 0, 'rejected_prediction_tokens': 0}, 'prompt_tokens_details': {'audio_tokens': 0, 'cached_tokens': 0}}"
4,book4_r1\001.json,"Identify the data types represented by these variables:

\begin{tabular}{|l|l|l|l|}
\hline Variable & Nominal & Ordinal & Interval/ratio\\
\hline Ratio of a tree's breadth to its height & & \\
\hline Level of trampling on a footpath (low, medium or high) & & \\
\hline Of the invertebrates caught in a trap, the percentage that are herbivorous (plant eating) & & \\
\hline Number of lorries passing a census point within one hour & & \\
\hline Footpath construction (concrete, gravel, none) & & \\
\hline
\end{tabular}",,What is the data type for 'Number of lorries passing a census point within one hour'?,0,该题仅要求识别单个变量所属的数据类型，属于对基本概念的直接考察，过于基础和简单，不适合用来检测学生的统计学水平。,"{'completion_tokens': 63, 'prompt_tokens': 553, 'total_tokens': 616, 'completion_tokens_details': {'accepted_prediction_tokens': 0, 'audio_tokens': 0, 'reasoning_tokens': 0, 'rejected_prediction_tokens': 0}, 'prompt_tokens_details': {'audio_tokens': 0, 'cached_tokens': 0}}"
66,book4_r1\020.json,"A local council was considering introducing extensive recycling facilities. As part of a survey investigating the attitudes of the public towards the popularity of this initiative, the effect of age of the respondent was taken into account. Respondents were asked to score their enthusiasm towards recycling on a scale of 1 to 5 (where 5 was very enthusiastic) and their age was classed as: up to 25; from 26 to 50; or over 51 years. The following data were collected:

\begin{tabular}{|l|l|l|}
\hline Up to 25 & 26-50 & Over 51 \\
\hline 3 & 1 & 4 \\
\hline 2 & 2 & 3 \\
\hline 4 & 3 & 3 \\
\hline 4 & 3 & 5 \\
\hline 5 & 2 & 3 \\
\hline 4 & 2 & 1 \\
\hline 3 & 1 & 4 \\
\hline 1 & 1 & 4 \\
\hline 5 & 2 & 5 \\
\hline $\underline{4}$ & 2 & 4 \\
\hline
\end{tabular}",,"(ii) Using multiple comparison tests where appropriate, what do you conclude from this analysis?",0,"该题不适合。题目是“(ii) Using multiple comparison tests where appropriate, what do you conclude from this analysis?”，明显依赖前一小题或前文分析结果，但当前给出的题干与数据中并未明确说明应基于何种统计分析结果来继续进行，也没有给出前一步检验的结论或必要统计量。因此该题需要用到其他题目的重要信息，而这些信息在本题中未体现，属于难以独立理解和作答的问题。","{'completion_tokens': 135, 'prompt_tokens': 751, 'total_tokens': 886, 'completion_tokens_details': {'accepted_prediction_tokens': 0, 'audio_tokens': 0, 'reasoning_tokens': 0, 'rejected_prediction_tokens': 0}, 'prompt_tokens_details': {'audio_tokens': 0, 'cached_tokens': 0}}"
37,book4_r1\012.json,"In a telephone survey, the managers of 20 small businesses were questioned on their attitude to improving the environmental nature of their products, and given a score for commitment (based on their statements and current efforts, from 0 indicating no interest, to 8 indicating a high level of interest and positive activity in that direction). Following this survey, the companies were each sent the results of research showing the attitudes that potential customers had towards environmentally friendly products of the type produced by their company. The companies were then each given a follow-up telephone survey, and their enthusiasm towards improving the environmental standard of their products was again assessed. The following data for the two telephone surveys were obtained.

\begin{tabular}{lllllllllllllllllllll} 
Business & A & B & C & D & E & F & G & H & I & J & K & L & M & N & O & P & Q & R & S & T \\
Before & 1 & 1 & 4 & 8 & 7 & 2 & 2 & 3 & 1 & 3 & 2 & 2 & 4 & 4 & 2 & 1 & 5 & 2 & 8 & 1 \\
After & 2 & 2 & 5 & 8 & 8 & 1 & 1 & 4 & 2 & 4 & 3 & 3 & 5 & 4 & 1 & 2 & 4 & 4 & 8 & 2 \\
\hline
\end{tabular}",,"Use a Wilcoxon matched-pairs test on the above data (because the answers to each survey are matched for each company) and report the following:
$T: n:$ Probability:",1,无,"{'completion_tokens': 24, 'prompt_tokens': 782, 'total_tokens': 806, 'completion_tokens_details': {'accepted_prediction_tokens': 0, 'audio_tokens': 0, 'reasoning_tokens': 0, 'rejected_prediction_tokens': 0}, 'prompt_tokens_details': {'audio_tokens': 0, 'cached_tokens': 0}}"
62,book4_r1\019.json,"$\mathrm{NO}_2$ concentrations (in parts per billion) in the exhaust fumes of different types of vehicle (cars, minibuses and buses) were sampled and the following data were obtained:

\begin{tabular}{lll}
\hline Car & Minibus & Bus \\
\hline 69 & 51 & 41 \\
62 & 45 & 48 \\
73 & 59 & 42
\end{tabular}
\begin{tabular}{|l|l|l|}
\hline Car & Minibus & Bus \\
\hline 70 & 57 & 39 \\
\hline 68 & 58 & 47 \\
\hline 68 & 54 & 49 \\
\hline 64 & 46 & 35 \\
\hline 71 & 48 & 41 \\
\hline
\end{tabular}",,"Calculate a one-way ANOVA on the above data and fill out an ANOVA table:

\begin{tabular}{llllll}
\hline & df & Sums of squares & Mean squares & F value & $P$ \\
\hline Vehicle type & & & & \\
Within & & & & \\
Total & & & & \\
\hline
\end{tabular}",1,无,"{'completion_tokens': 24, 'prompt_tokens': 758, 'total_tokens': 782, 'completion_tokens_details': {'accepted_prediction_tokens': 0, 'audio_tokens': 0, 'reasoning_tokens': 0, 'rejected_prediction_tokens': 0}, 'prompt_tokens_details': {'audio_tokens': 0, 'cached_tokens': 0}}"
59,book4_r1\018.json,"Trees were surveyed for the presence of lichen. Each lichen found was recorded as either occurring on the north, east, south or west quadrant of the tree: 36 lichens were found on north-facing quadrants, 50 on east-facing quadrants, 29 on south-facing quadrants and 45 on west-facing quadrants.",,"Calculate the total $X^2, \mathrm{df}$ and $P$ values to complete the goodness of fit test.",1,无,"{'completion_tokens': 24, 'prompt_tokens': 493, 'total_tokens': 517, 'completion_tokens_details': {'accepted_prediction_tokens': 0, 'audio_tokens': 0, 'reasoning_tokens': 0, 'rejected_prediction_tokens': 0}, 'prompt_tokens_details': {'audio_tokens': 0, 'cached_tokens': 0}}"
3,book4_r1\001.json,"Identify the data types represented by these variables:

\begin{tabular}{|l|l|l|l|}
\hline Variable & Nominal & Ordinal & Interval/ratio\\
\hline Ratio of a tree's breadth to its height & & \\
\hline Level of trampling on a footpath (low, medium or high) & & \\
\hline Of the invertebrates caught in a trap, the percentage that are herbivorous (plant eating) & & \\
\hline Number of lorries passing a census point within one hour & & \\
\hline Footpath construction (concrete, gravel, none) & & \\
\hline
\end{tabular}",,"What is the data type for 'Of the invertebrates caught in a trap, the percentage that are herbivorous (plant eating)'?",0,该题仅要求识别单个变量所属的数据类型，属于对基本概念的直接理解与辨认，没有统计计算、推理或综合分析过程，因此过于基础，不适合用于检测学生的统计学水平。,"{'completion_tokens': 72, 'prompt_tokens': 562, 'total_tokens': 634, 'completion_tokens_details': {'accepted_prediction_tokens': 0, 'audio_tokens': 0, 'reasoning_tokens': 0, 'rejected_prediction_tokens': 0}, 'prompt_tokens_details': {'audio_tokens': 0, 'cached_tokens': 0}}"
55,book4_r1\017.json,"As part of a study into the effects of woodland management on bird distribution, 36 woods were surveyed for the presence (P) or absence (A) of long-tailed tits and classified as one of three woodland types: pre-thicket (PT), thicket (T) or high forest (HF). The following data were obtained:

\begin{tabular}{|l|l|l|l|l|l|}
\hline Wood number & Wood type & Presence or absence of longtailed tits & Wood number & Wood type & Presence or absence of longtailed tits \\
\hline 1 & PT & P & 19 & HF & A \\
\hline 2 & HF & P & 20 & T & P \\
\hline 3 & PT & A & 21 & PT & P \\
\hline 4 & PT & P & 22 & PT & P \\
\hline 5 & HF & A & 23 & HF & A \\
\hline 6 & T & P & 24 & T & P \\
\hline 7 & HF & A & 25 & PT & A \\
\hline 8 & T & P & 26 & PT & P \\
\hline 9 & HF & P & 27 & HF & P \\
\hline 10 & T & P & 28 & T & P \\
\hline 11 & PT & A & 29 & PT & A \\
\hline 12 & T & A & 30 & PT & P \\
\hline 13 & T & P & 31 & T & P \\
\hline
\end{tabular}
\begin{tabular}{|l|l|l|l|l|l|}
\hline Wood number & Wood type & Presence or absence of longtailed tits & Wood number & Wood type & Presence or absence of longtailed tits \\
\hline 14 & HF & P & 32 & HF & A \\
\hline 15 & PT & A & 33 & T & P \\
\hline 16 & T & P & 34 & HF & A \\
\hline 17 & HF & A & 35 & PT & P \\
\hline 18 & HF & P & 36 & HF & A \\
\hline
\end{tabular}",,Calculate the individual $X^2$ components and place them in a table.,1,无,"{'completion_tokens': 24, 'prompt_tokens': 1067, 'total_tokens': 1091, 'completion_tokens_details': {'accepted_prediction_tokens': 0, 'audio_tokens': 0, 'reasoning_tokens': 0, 'rejected_prediction_tokens': 0}, 'prompt_tokens_details': {'audio_tokens': 0, 'cached_tokens': 0}}"
51,book4_r1\016.json,"For several makes of car, data for engine size and fuel economy are shown below:

\begin{tabular}{|l|l|l|l|l|l|l|l|l|}
\hline Make & Engine size(l) & Fuel economy ( $\mathrm{kml}^{-1}$ ) & Make & Engine size(l) & Fuel economy ( $\mathrm{kml}^{-1}$ ) & Make & Engine size (l) & Fuel economy ( $\mathrm{km} \mathrm{l}^{-1}$ ) \\
\hline A & 1.0 & 14.3 & I & 1.1 & 14.9 & Q & 1.6 & 12.0 \\
\hline B & 1.0 & 16.4 & J & 1.4 & 12.7 & R & 1.6 & 12.4 \\
\hline C & 1.0 & 16.7 & K & 1.4 & 12.8 & S & 1.6 & 12.5 \\
\hline D & 1.0 & 17.2 & L & 1.4 & 13.5 & T & 1.6 & 12.8 \\
\hline E & 1.0 & 17.6 & M & 1.4 & 13.9 & U & 1.6 & 13.9 \\
\hline F & 1.0 & 17.6 & N & 1.4 & 14.5 & V & 1.6 & 14.7 \\
\hline G & 1.0 & 18.2 & O & 1.4 & 15.2 & W & 1.8 & 11.5 \\
\hline H & 1.1 & 14.9 & P & 1.4 & 15.6 & X & 1.8 & 12.8 \\
\hline
\end{tabular}",,Does the distribution of the residuals meet with the assumptions of regression?,1,无,"{'completion_tokens': 24, 'prompt_tokens': 887, 'total_tokens': 911, 'completion_tokens_details': {'accepted_prediction_tokens': 0, 'audio_tokens': 0, 'reasoning_tokens': 0, 'rejected_prediction_tokens': 0}, 'prompt_tokens_details': {'audio_tokens': 0, 'cached_tokens': 0}}"
76,book4_r1\024.json,"The data below show the percentage of mammal, bird and reptile/amphibian species at risk (as a percentage of those species known) in eight Central American countries:

\begin{tabular}{lllllllll}
\hline & Belize & Costa Rica & El Salvador & Guatemala & Honduras & Mexico & Nicaragua & Panama \\
\hline Mammals & 7.44 & 4.93 & 5.43 & 5.17 & 4.47 & 7.29 & 5.08 & 6.00 \\
Birds & 0.20 & 0.63 & 0.69 & 1.20 & 0.74 & 12.8 & 0.66 & 0.65 \\
Reptiles/ Amphibians & 6.02 & 2.44 & 5.38 & 3.30 & 4.13 & 3.90 & 4.07 & 3.27 \\
\hline
\end{tabular}",,"Using multiple comparison tests where appropriate, what can you conclude from these results?",0,答案字段并未给出题目的实际解答或明确结论，只是重复了题干数据并留下未填写完整的Friedman检验结果表（如Rank mean、Fr、P等均为空）。根据规则，答案字段内容为空的问题应判定为不适合。,"{'completion_tokens': 86, 'prompt_tokens': 930, 'total_tokens': 1016, 'completion_tokens_details': {'accepted_prediction_tokens': 0, 'audio_tokens': 0, 'reasoning_tokens': 0, 'rejected_prediction_tokens': 0}, 'prompt_tokens_details': {'audio_tokens': 0, 'cached_tokens': 0}}"
8,book4_r1\002.json,"Identify whether the variables below are continuous or discrete:

\begin{tabular}{|l|l|l|}
\hline Variable & Continuous & Discrete \\
\hline Amount of rainfall in a day (mm) & & \\
\hline Number of people with an interest in environmental issues & & \\
\hline Percentage of leaves on a tree displaying fungal infection & & \\
\hline The concentration of cadmium in roadside soils & & \\
\hline Type of site (either reclaimed or not) & & \\
\hline
\end{tabular}",,Determine whether 'Percentage of leaves on a tree displaying fungal infection' is continuous or discrete.,0,该题仅要求判断单个变量属于连续型还是离散型，属于对基本概念的直接识别与理解，过于基础，不能有效检测学生的统计学水平。,"{'completion_tokens': 64, 'prompt_tokens': 526, 'total_tokens': 590, 'completion_tokens_details': {'accepted_prediction_tokens': 0, 'audio_tokens': 0, 'reasoning_tokens': 0, 'rejected_prediction_tokens': 0}, 'prompt_tokens_details': {'audio_tokens': 0, 'cached_tokens': 0}}"
48,book4_r1\016.json,"For several makes of car, data for engine size and fuel economy are shown below:

\begin{tabular}{|l|l|l|l|l|l|l|l|l|}
\hline Make & Engine size(l) & Fuel economy ( $\mathrm{kml}^{-1}$ ) & Make & Engine size(l) & Fuel economy ( $\mathrm{kml}^{-1}$ ) & Make & Engine size (l) & Fuel economy ( $\mathrm{km} \mathrm{l}^{-1}$ ) \\
\hline A & 1.0 & 14.3 & I & 1.1 & 14.9 & Q & 1.6 & 12.0 \\
\hline B & 1.0 & 16.4 & J & 1.4 & 12.7 & R & 1.6 & 12.4 \\
\hline C & 1.0 & 16.7 & K & 1.4 & 12.8 & S & 1.6 & 12.5 \\
\hline D & 1.0 & 17.2 & L & 1.4 & 13.5 & T & 1.6 & 12.8 \\
\hline E & 1.0 & 17.6 & M & 1.4 & 13.9 & U & 1.6 & 13.9 \\
\hline F & 1.0 & 17.6 & N & 1.4 & 14.5 & V & 1.6 & 14.7 \\
\hline G & 1.0 & 18.2 & O & 1.4 & 15.2 & W & 1.8 & 11.5 \\
\hline H & 1.1 & 14.9 & P & 1.4 & 15.6 & X & 1.8 & 12.8 \\
\hline
\end{tabular}",,"To test whether fuel economy is dependent on the size of the engine, perform a regression analysis and record the following:

\begin{tabular}{lll}
$R^2:$ & Regression equation: & \\
$F:$ & $\mathrm{df}:$ & $P:$ \\
\hline
\end{tabular}",1,无,"{'completion_tokens': 24, 'prompt_tokens': 985, 'total_tokens': 1009, 'completion_tokens_details': {'accepted_prediction_tokens': 0, 'audio_tokens': 0, 'reasoning_tokens': 0, 'rejected_prediction_tokens': 0}, 'prompt_tokens_details': {'audio_tokens': 0, 'cached_tokens': 0}}"
44,book4_r1\014.json,"For several African countries, the number of physicians (per 10000 population) and the infant mortality rate (number of deaths of infants less than one year old per 1000 live births) are recorded below:

\begin{tabular}{llllll}
\hline Country & Number of physicians & Infant mortality rate & Country & Number of physicians & Infant mortality rate \\
\hline A & 0.2 & 126 & J & 0.8 & 116 \\
B & 0.5 & 102 & K & 0.3 & 124
\end{tabular}
\begin{tabular}{|l|l|l|l|l|l|}
\hline Country & Number of physicians & Infant mortality rate & Country & Number of physicians & Infant mortality rate \\
\hline C & 1.3 & 65 & L & 1.3 & 96 \\
\hline D & 0.1 & 142 & M & 0.5 & 117 \\
\hline E & 1.4 & 121 & N & 0.7 & 142 \\
\hline F & 1.2 & 64 & O & 0.5 & 107 \\
\hline G & 1.1 & 79 & P & 0.8 & 85 \\
\hline H & 0.4 & 138 & Q & 1.4 & 71 \\
\hline I & 0.4 & 159 & & & \\
\hline
\end{tabular}",,"Carry out Pearson's product moment correlation analysis on the data and record the following:
\underline{Pearson's $r$ : df: $P$ :}",1,无,"{'completion_tokens': 24, 'prompt_tokens': 792, 'total_tokens': 816, 'completion_tokens_details': {'accepted_prediction_tokens': 0, 'audio_tokens': 0, 'reasoning_tokens': 0, 'rejected_prediction_tokens': 0}, 'prompt_tokens_details': {'audio_tokens': 0, 'cached_tokens': 0}}"
33,book4_r1\010.json,"Because persecuting badgers is an illegal activity, badger sets that are more secluded from the view of the general public may be more at risk from persecution. To test this hypothesis, badger sets were ranked as to their visibility to the nearest public right of way (footpath or road), with a score of 1 given to those which it would be impossible for people to see, and a score of 6 indicating that the set was certain to be seen. The sets were then identified as being active (i.e. with a badger social group using the set regularly) or no longer in use (where there were no recent signs of badger activity). The visibility scores for the two set types are given below:

\begin{tabular}{llllllllllllllll} 
Active & 1 & 2 & 4 & 3 & 2 & 2 & 1 & 3 & 5 & 4 & 5 & 4 & 4 & 3 & 5 \\
Unused & 2 & 3 & 1 & 2 & 1 & 2 & 3 & 3 & 2 & 4 & 2 & 2 & 2 & 2 & 1 \\
\hline
\end{tabular}",,"Use a Mann-Whitney $U$ test (because the data are ordinal) on the above data, and record the following:

\begin{tabular}{|l|l|l|}
\hline & Active & Not in use \\
\hline Median score & & \\
\hline Sample size & & \\
\hline Smaller $U$ value & & \\
\hline Probability & & \\
\hline
\end{tabular}",1,无,"{'completion_tokens': 24, 'prompt_tokens': 840, 'total_tokens': 864, 'completion_tokens_details': {'accepted_prediction_tokens': 0, 'audio_tokens': 0, 'reasoning_tokens': 0, 'rejected_prediction_tokens': 0}, 'prompt_tokens_details': {'audio_tokens': 0, 'cached_tokens': 0}}"
19,book4_r1\005.json,A researcher wishes to know whether there is a difference in the amount of carbon monoxide emitted from the exhausts of large and small cars. He wishes to obtain 20 readings for the carbon monoxide concentrations from each size of car.,,"Should the researcher take 20 readings from a single large car and 20 from a single small car, or should he take a single reading from each of 20 large cars, and from each of 20 small cars?",1,无,"{'completion_tokens': 24, 'prompt_tokens': 482, 'total_tokens': 506, 'completion_tokens_details': {'accepted_prediction_tokens': 0, 'audio_tokens': 0, 'reasoning_tokens': 0, 'rejected_prediction_tokens': 0}, 'prompt_tokens_details': {'audio_tokens': 0, 'cached_tokens': 0}}"
26,book4_r1\007.json,"In a survey to identify the level of public concern regarding two environmental topics (genetically modified food and intensive pesticide use), 20 people were asked to score their level of concern on a scale from 1 (not concerned at all) to 5 (very concerned). The results obtained were:

\begin{tabular}{lllllllllllllllllllll} 
Genetically modified food & 5 & 1 & 1 & 4 & 3 & 3 & 4 & 5 & 2 & 3 & 5 & 4 & 3 & 2 & 1 & 5 & 1 & 2 & 2 & 3 \\
Intensive pesticide use & 2 & 1 & 2 & 1 & 1 & 2 & 3 & 1 & 2 & 3 & 3 & 1 & 2 & 1 & 1 & 1 & 1 & 1 & 1 & 2 \\
\hline
\end{tabular}",,(ii) Illustrate the data using box and whisker plots.,0,题目不适合。原因有两点：1）题目本身依赖于给定数据作图，但“answer”字段并未提供具体答案内容，只是重复了题目背景的一部分，无法作为有效答案；2）根据规则，答案字段内容为空或实质上未作答的题目，应判为不适合。,"{'completion_tokens': 100, 'prompt_tokens': 627, 'total_tokens': 727, 'completion_tokens_details': {'accepted_prediction_tokens': 0, 'audio_tokens': 0, 'reasoning_tokens': 0, 'rejected_prediction_tokens': 0}, 'prompt_tokens_details': {'audio_tokens': 0, 'cached_tokens': 0}}"
73,book4_r1\023.json,"An environmental pressure group contacted backbench MPs from two political parties (neither of which were in government), just before and immediately after a general election, and asked them for their views on environmental issues. The responses were analysed using content analysis. The number of positive words in each politician's statements were as follows:

\begin{tabular}{|l|l|l|l|}
\hline \multicolumn{2}{|c|}{\multirow{2}{*}{}} &  \multicolumn{2}{|l|}{Political party} \\
\hline & & Beige & Grey \\
\hline \multirow{30}{*}{Timing} & & 9 & 9 \\
\hline & 11 & 9 \\
\hline & 11 & 11 \\
\hline & 7 & 12 \\
\hline Before & 14 & 14 \\
\hline & 12 & 11 \\
\hline & 10 & 10 \\
\hline & 8 & 7 \\
\hline & 7 & 6 \\
\hline & 8 & 9 \\
\hline & 8 & 5 \\
\hline & 6 & 6 \\
\hline & 5 & 7 \\
\hline & 8 & 4 \\
\hline After & 11 & 9 \\
\hline
\end{tabular}
\begin{tabular}{|l|l|}
\hline \multicolumn{2}{|l|}{Political party} \\
\hline Beige & Grey \\
\hline 9 & 10 \\
\hline 10 & 7 \\
\hline 8 & 5 \\
\hline 7 & 7 \\
\hline 7 & 6 \\
\hline
\end{tabular}

Assume that each MP was randomly selected before the election and, if re-elected, was omitted from the random survey after the election (i.e. the data are independent).",,(ii) Plot the rank means on an interaction line plot.,0,题目不适合。虽然题目要求绘制交互折线图，属于统计作图任务，本身不算过于基础，但给出的“answer”字段并没有提供具体答案内容，只是重复了图的大致主题描述，没有实际的秩均值结果或图形信息，等同于答案无效，因此不适合用于检测学生统计学水平。,"{'completion_tokens': 105, 'prompt_tokens': 892, 'total_tokens': 997, 'completion_tokens_details': {'accepted_prediction_tokens': 0, 'audio_tokens': 0, 'reasoning_tokens': 0, 'rejected_prediction_tokens': 0}, 'prompt_tokens_details': {'audio_tokens': 0, 'cached_tokens': 0}}"
40,book4_r1\013.json,"Consider an investigation into the possible effects on non-smokers of allowing smoking in a shared office environment. The investigators measured lung capacity using different methods and scenarios to identify differences between the central tendency of the samples collected. The tests explored in this chapter include: $t$ test, Mann-Whitney $U$ test, paired $t$ test, and Wilcoxon matched-pairs test.",,Measured the lung capacity on a scale of 1 to 5 (where 1 was poor and 5 was excellent) of non-smoking staff in an office where smoking was allowed and similarly on staff in an adjacent office where smoking had been banned for a month. Which test would you employ to identify differences between the central tendency of the samples?,1,无,"{'completion_tokens': 105, 'prompt_tokens': 538, 'total_tokens': 643, 'completion_tokens_details': {'reasoning_tokens': 82}, 'prompt_tokens_details': {'cached_tokens': 0}}"
7,book4_r1\002.json,"Identify whether the variables below are continuous or discrete:

\begin{tabular}{|l|l|l|}
\hline Variable & Continuous & Discrete \\
\hline Amount of rainfall in a day (mm) & & \\
\hline Number of people with an interest in environmental issues & & \\
\hline Percentage of leaves on a tree displaying fungal infection & & \\
\hline The concentration of cadmium in roadside soils & & \\
\hline Type of site (either reclaimed or not) & & \\
\hline
\end{tabular}",,Determine whether 'Number of people with an interest in environmental issues' is continuous or discrete.,0,该题仅要求判断单个变量属于连续型还是离散型，属于对统计学基本概念的直接识别与理解考察，过于基础和简单，不适合用于检测学生的统计学水平。,"{'completion_tokens': 111, 'prompt_tokens': 526, 'total_tokens': 637, 'completion_tokens_details': {'reasoning_tokens': 41}, 'prompt_tokens_details': {'cached_tokens': 0}}"
34,book4_r1\010.json,"Because persecuting badgers is an illegal activity, badger sets that are more secluded from the view of the general public may be more at risk from persecution. To test this hypothesis, badger sets were ranked as to their visibility to the nearest public right of way (footpath or road), with a score of 1 given to those which it would be impossible for people to see, and a score of 6 indicating that the set was certain to be seen. The sets were then identified as being active (i.e. with a badger social group using the set regularly) or no longer in use (where there were no recent signs of badger activity). The visibility scores for the two set types are given below:

\begin{tabular}{llllllllllllllll} 
Active & 1 & 2 & 4 & 3 & 2 & 2 & 1 & 3 & 5 & 4 & 5 & 4 & 4 & 3 & 5 \\
Unused & 2 & 3 & 1 & 2 & 1 & 2 & 3 & 3 & 2 & 4 & 2 & 2 & 2 & 2 & 1 \\
\hline
\end{tabular}",,What do you conclude about the effect of set visibility on whether or not a set is still active?,1,无,"{'completion_tokens': 60, 'prompt_tokens': 669, 'total_tokens': 729, 'completion_tokens_details': {'reasoning_tokens': 37}, 'prompt_tokens_details': {'cached_tokens': 0}}"
38,book4_r1\012.json,"In a telephone survey, the managers of 20 small businesses were questioned on their attitude to improving the environmental nature of their products, and given a score for commitment (based on their statements and current efforts, from 0 indicating no interest, to 8 indicating a high level of interest and positive activity in that direction). Following this survey, the companies were each sent the results of research showing the attitudes that potential customers had towards environmentally friendly products of the type produced by their company. The companies were then each given a follow-up telephone survey, and their enthusiasm towards improving the environmental standard of their products was again assessed. The following data for the two telephone surveys were obtained.

\begin{tabular}{lllllllllllllllllllll} 
Business & A & B & C & D & E & F & G & H & I & J & K & L & M & N & O & P & Q & R & S & T \\
Before & 1 & 1 & 4 & 8 & 7 & 2 & 2 & 3 & 1 & 3 & 2 & 2 & 4 & 4 & 2 & 1 & 5 & 2 & 8 & 1 \\
After & 2 & 2 & 5 & 8 & 8 & 1 & 1 & 4 & 2 & 4 & 3 & 3 & 5 & 4 & 1 & 2 & 4 & 4 & 8 & 2 \\
\hline
\end{tabular}",,What can you conclude about the attitudes of the managers of small businesses?,1,无,"{'completion_tokens': 72, 'prompt_tokens': 735, 'total_tokens': 807, 'completion_tokens_details': {'reasoning_tokens': 49}, 'prompt_tokens_details': {'cached_tokens': 0}}"
22,book4_r1\006.json,"Twenty hedgehogs were sampled from a population in autumn (before hibernation) and weighed. In the spring, the population was again sampled and twenty hedgehogs were captured and weighed. The following data (in kilograms) were obtained:

\begin{tabular}{llllllllll}
Autumn & & & & & & & & & \\
0.91 & 0.87 & 0.97 & 0.79 & 1.09 & 0.96 & 0.98 & 0.82 & 0.84 & 0.89 \\
1.01 & 0.92 & 0.70 & 0.88 & 0.91 & 0.89 & 0.79 & 0.81 & 0.99 & 0.75 \\
Spring & & & & & & & & & \\
0.71 & 0.55 & 0.60 & 0.74 & 0.58 & 0.49 & 0.61 & 0.66 & 0.75 & 0.85 \\
0.61 & 0.49 & 0.59 & 0.83 & 0.74 & 0.77 & 0.82 & 0.57 & 0.66 & 0.71 \\
\hline
\end{tabular}","\begin{tabular}{|l|l|l|l|l|l|}
\hline df & $t$ & & df & \multicolumn{2}{|l|}{\multirow[t]{2}{*}{$t$}} \
\hline $P=0.05$ & $P=0.01$ & $P=0.05$ & $P=0.01$ & & \
\hline 1 & 12.706 & 63.657 & 19 & 2.093 & 2.861 \
\hline 2 & 4.303 & 9.925 & 20 & 2.086 & 2.845 \
\hline 3 & 3.182 & 5.841 & 21 & 2.080 & 2.831 \
\hline 4 & 2.776 & 4.604 & 22 & 2.074 & 2.819 \
\hline 5 & 2.571 & 4.032 & 23 & 2.069 & 2.807 \
\hline 6 & 2.447 & 3.707 & 24 & 2.064 & 2.797 \
\hline 7 & 2.365 & 3.499 & 25 & 2.060 & 2.787 \
\hline 8 & 2.306 & 3.355 & 26 & 2.056 & 2.779 \
\hline
\end{tabular}

\begin{tabular}{|l|l|l|l|l|l|}
\hline df & $t$ & & df & $t$ & \
\hline $P=0.05$ & $P=0.01$ & $\boldsymbol{P}=0.05$ & $P=0.01$ & & \
\hline 9 & 2.262 & 3.250 & 27 & 2.052 & 2.771 \
\hline 10 & 2.228 & 3.169 & 28 & 2.048 & 2.763 \
\hline 11 & 2.201 & 3.106 & 29 & 2.045 & 2.756 \
\hline 12 & 2.179 & 3.055 & 30 & 2.042 & 2.750 \
\hline 13 & 2.160 & 3.012 & 40 & 2.021 & 2.704 \
\hline 14 & 2.145 & 2.977 & 50 & 2.009 & 2.678 \
\hline 15 & 2.131 & 2.947 & 60 & 2.000 & 2.660 \
\hline 16 & 2.120 & 2.921 & 100 & 1.984 & 2.626 \
\hline 17 & 2.110 & 2.898 & 120 & 1.980 & 2.617 \
\hline 18 & 2.101 & 2.878 & $\infty$ & 1.960 & 2.576 \
\hline
\end{tabular}",Draw a frequency histogram of hedgehog mass in autumn.,1,无,"{'completion_tokens': 180, 'prompt_tokens': 1458, 'total_tokens': 1638, 'completion_tokens_details': {'reasoning_tokens': 157}, 'prompt_tokens_details': {'cached_tokens': 0}}"
63,book4_r1\019.json,"$\mathrm{NO}_2$ concentrations (in parts per billion) in the exhaust fumes of different types of vehicle (cars, minibuses and buses) were sampled and the following data were obtained:

\begin{tabular}{lll}
\hline Car & Minibus & Bus \\
\hline 69 & 51 & 41 \\
62 & 45 & 48 \\
73 & 59 & 42
\end{tabular}
\begin{tabular}{|l|l|l|}
\hline Car & Minibus & Bus \\
\hline 70 & 57 & 39 \\
\hline 68 & 58 & 47 \\
\hline 68 & 54 & 49 \\
\hline 64 & 46 & 35 \\
\hline 71 & 48 & 41 \\
\hline
\end{tabular}",,Calculate the mean $(\bar{x})$ and standard error $(SE)$ of $\mathrm{NO}_2$ concentration in each vehicle type:,1,无,"{'completion_tokens': 61, 'prompt_tokens': 741, 'total_tokens': 802, 'completion_tokens_details': {'reasoning_tokens': 38}, 'prompt_tokens_details': {'cached_tokens': 0}}"
6,book4_r1\002.json,"Identify whether the variables below are continuous or discrete:

\begin{tabular}{|l|l|l|}
\hline Variable & Continuous & Discrete \\
\hline Amount of rainfall in a day (mm) & & \\
\hline Number of people with an interest in environmental issues & & \\
\hline Percentage of leaves on a tree displaying fungal infection & & \\
\hline The concentration of cadmium in roadside soils & & \\
\hline Type of site (either reclaimed or not) & & \\
\hline
\end{tabular}",,Determine whether 'Amount of rainfall in a day (mm)' is continuous or discrete.,0,该题仅要求判断一个变量属于连续型还是离散型，属于对统计学基本概念的直接识别与理解考察，过于基础和简单，不足以有效检测学生的统计学水平。,"{'completion_tokens': 107, 'prompt_tokens': 525, 'total_tokens': 632, 'completion_tokens_details': {'reasoning_tokens': 38}, 'prompt_tokens_details': {'cached_tokens': 0}}"
56,book4_r1\017.json,"As part of a study into the effects of woodland management on bird distribution, 36 woods were surveyed for the presence (P) or absence (A) of long-tailed tits and classified as one of three woodland types: pre-thicket (PT), thicket (T) or high forest (HF). The following data were obtained:

\begin{tabular}{|l|l|l|l|l|l|}
\hline Wood number & Wood type & Presence or absence of longtailed tits & Wood number & Wood type & Presence or absence of longtailed tits \\
\hline 1 & PT & P & 19 & HF & A \\
\hline 2 & HF & P & 20 & T & P \\
\hline 3 & PT & A & 21 & PT & P \\
\hline 4 & PT & P & 22 & PT & P \\
\hline 5 & HF & A & 23 & HF & A \\
\hline 6 & T & P & 24 & T & P \\
\hline 7 & HF & A & 25 & PT & A \\
\hline 8 & T & P & 26 & PT & P \\
\hline 9 & HF & P & 27 & HF & P \\
\hline 10 & T & P & 28 & T & P \\
\hline 11 & PT & A & 29 & PT & A \\
\hline 12 & T & A & 30 & PT & P \\
\hline 13 & T & P & 31 & T & P \\
\hline
\end{tabular}
\begin{tabular}{|l|l|l|l|l|l|}
\hline Wood number & Wood type & Presence or absence of longtailed tits & Wood number & Wood type & Presence or absence of longtailed tits \\
\hline 14 & HF & P & 32 & HF & A \\
\hline 15 & PT & A & 33 & T & P \\
\hline 16 & T & P & 34 & HF & A \\
\hline 17 & HF & A & 35 & PT & P \\
\hline 18 & HF & P & 36 & HF & A \\
\hline
\end{tabular}",,"Calculate the total $X^2$, df and $P$ values.",1,无,"{'completion_tokens': 62, 'prompt_tokens': 958, 'total_tokens': 1020, 'completion_tokens_details': {'reasoning_tokens': 39}, 'prompt_tokens_details': {'cached_tokens': 0}}"
67,book4_r1\021.json,"The percentages of all forest lost per year in ten randomly selected countries in each of Central America and South East Asia are given below. Half of the countries are island countries, and half are mainland countries. The arcsine-transformed data (to normalise the distributions) are given alongside the original data (the variances of the transformed data have been subjected to an $F_{\text {max }}$ test and are not significantly different).

\begin{tabular}{|l|l|l|l|l|}
\hline & \multicolumn{4}{|l|}{Region} \\
\hline & \multicolumn{2}{|l|}{Central America} & \multicolumn{2}{|l|}{South East Asia} \\
\hline & \% lost & arcsine-transformed & \% lost & arcsine-transformed \\
\hline \multirow{8}{*}{Mainland} & 3.1 & 0.177 & 1.0 & 0.100 \\
\hline 3.2 & 0.180 & 1.5 & 0.123 \\
\hline 2.0 & 0.142 & 2.5 & 0.159 \\
\hline 2.3 & 0.152 & 1.7 & 0.131 \\
\hline & 2.7 & 0.165 & 0.2 & 0.045 \\
\hline Location \\
\hline  \multirow{8}{*}{Island} & 0.1 & 0.032 & 0.1 & 0.032 \\
\hline 0.6 & 0.078 & 0.1 & 0.032 \\
\hline 3.8 & 0.196 & 0.2 & 0.045 \\
\hline 3.0 & 0.174 & 1.5 & 0.123 \\
\hline & 0.4 & 0.063 & 0.8 & 0.090 \\
\hline
\end{tabular}",,"Use two-way ANOVA on the transformed data to determine whether forest loss differs depending on: which region the country is in; the location (i.e. whether the country is an island or on the mainland); and whether there is an interaction between region and location.

\begin{tabular}{|l|l|l|l|l|l|}
\hline & df & Sums of squares & Mean squares & $F$ value & P \\
\hline Region & \multicolumn{2}{|c|}{\multirow{5}{*}{}} & \multirow{5}{*}{} & \multirow{5}{*}{} & \multirow{5}{*}{} \\
\hline Location & & & & & \\
\hline Interaction & & & & & \\
\hline Within & & & & & \\
\hline Total & & & & & \\
\hline
\end{tabular}",1,无,"{'completion_tokens': 50, 'prompt_tokens': 1274, 'total_tokens': 1324, 'completion_tokens_details': {'reasoning_tokens': 27}, 'prompt_tokens_details': {'cached_tokens': 0}}"
30,book4_r1\008.json,"In a survey to assess the extent of fungal infection of a certain tree species, the percentage of leaves showing any infection was calculated for each of 20 individual trees. The following data (percentages) were recorded:

102 45 19 21 55 45 81 24 48 45 98","\begin{table}
\captionsetup{labelformat=empty}
\caption{Table D. 2 Values of t for use in calculating confidence limits and in unpaired and paired t tests. If using these values to calculate $95 \%$ confidence limits of the mean (see Box 2.6), then the df are $\mathrm{n}-1$. If this table is being used for an unpaired $\mathbf{t}$ test (see Box 4.1), the df are $\mathbf{n}_1+\mathbf{n}_2-\mathbf{2}$ (where $\mathbf{n}_1$ and $\mathbf{n}_2$ are the sizes of samples $\mathbf{1}$ and $\mathbf{2}$, respectively). If this table is being used for a paired $\mathbf{t}$ test (Box 4.5), the df are $\mathbf{n}-\mathbf{1}$ (where $\mathbf{n}$ is the number of data pairs). When used in t tests (paired or unpaired), the results are significant if the calculated value of t is higher than the table value}
\begin{tabular}{|l|l|l|l|l|l|}
\hline df & $t$ & & df & \multicolumn{2}{|l|}{\multirow[t]{2}{*}{$t$}} \
\hline $P=0.05$ & $P=0.01$ & $P=0.05$ & $P=0.01$ & & \
\hline 1 & 12.706 & 63.657 & 19 & 2.093 & 2.861 \
\hline 2 & 4.303 & 9.925 & 20 & 2.086 & 2.845 \
\hline 3 & 3.182 & 5.841 & 21 & 2.080 & 2.831 \
\hline 4 & 2.776 & 4.604 & 22 & 2.074 & 2.819 \
\hline 5 & 2.571 & 4.032 & 23 & 2.069 & 2.807 \
\hline 6 & 2.447 & 3.707 & 24 & 2.064 & 2.797 \
\hline 7 & 2.365 & 3.499 & 25 & 2.060 & 2.787 \
\hline 8 & 2.306 & 3.355 & 26 & 2.056 & 2.779 \
\hline
\end{tabular}
\end{table}

\begin{tabular}{|l|l|l|l|l|l|}
\hline df & t & & df & \multicolumn{2}{|l|}{$t$} \
\hline $P=0.05$ & $P=0.01$ & $P=0.05$ & $P=0.01$ & & \
\hline 9 & 2.262 & 3.250 & 27 & 2.052 & 2.771 \
\hline 10 & 2.228 & 3.169 & 28 & 2.048 & 2.763 \
\hline 11 & 2.201 & 3.106 & 29 & 2.045 & 2.756 \
\hline 12 & 2.179 & 3.055 & 30 & 2.042 & 2.750 \
\hline 13 & 2.160 & 3.012 & 40 & 2.021 & 2.704 \
\hline 14 & 2.145 & 2.977 & 50 & 2.009 & 2.678 \
\hline 15 & 2.131 & 2.947 & 60 & 2.000 & 2.660 \
\hline 16 & 2.120 & 2.921 & 100 & 1.984 & 2.626 \
\hline 17 & 2.110 & 2.898 & 120 & 1.980 & 2.617 \
\hline 18 & 2.101 & 2.878 & $\infty$ & 1.960 & 2.576 \
\hline
\end{tabular}","Back-transform the following statistics: Mean, Lower 95% confidence level (L_lower), Upper 95% confidence level (L_upper).",0,题目不适合。原因是问题信息不完整，无法独立作答：题目要求“Back-transform the following statistics”，但并没有给出需要进行反变换的统计量（如变换后的均值和置信区间）；同时背景中说有20棵树的数据，但实际只列出了11个数值，数据也不完整。因此该题需要依赖其他未提供的重要信息，属于难以理解且无法独立解答的问题。,"{'completion_tokens': 186, 'prompt_tokens': 1525, 'total_tokens': 1711, 'completion_tokens_details': {'reasoning_tokens': 61}, 'prompt_tokens_details': {'cached_tokens': 0}}"
11,book4_r1\003.json,"Identify which of the variables below are derived:
\begin{table}
\captionsetup{labelformat=empty}
\caption{1.3 Identify which of the variables below are derived:}
\begin{tabular}{|l|l|l|}
\hline Variable & Derived & Not derived \\
\hline pH of soil & & \\
\hline Number of households that own a car & & \\
\hline Percentage of tree canopy cover in a woodland & & \\
\hline Estimate of tree canopy cover in a woodland (open, intermediate, closed) & & \\
\hline Type of soil (designated as clay, loam or sandy & & \\
\hline
\end{tabular}
\end{table}",,Is the variable 'pH of soil' derived or not derived?,0,该题目仅要求学生判断单个变量“pH of soil”是否属于派生变量，本质上是对一个基础概念的直接识别与理解考察，不需要进行统计分析、计算、推断或图表处理，因而过于基础，不适合用于检测学生的统计学水平。,"{'completion_tokens': 146, 'prompt_tokens': 590, 'total_tokens': 736, 'completion_tokens_details': {'reasoning_tokens': 55}, 'prompt_tokens_details': {'cached_tokens': 0}}"
15,book4_r1\003.json,"Identify which of the variables below are derived:
\begin{table}
\captionsetup{labelformat=empty}
\caption{1.3 Identify which of the variables below are derived:}
\begin{tabular}{|l|l|l|}
\hline Variable & Derived & Not derived \\
\hline pH of soil & & \\
\hline Number of households that own a car & & \\
\hline Percentage of tree canopy cover in a woodland & & \\
\hline Estimate of tree canopy cover in a woodland (open, intermediate, closed) & & \\
\hline Type of soil (designated as clay, loam or sandy & & \\
\hline
\end{tabular}
\end{table}",,"Is the variable 'Type of soil (designated as clay, loam or sandy)' derived or not derived?",0,该题仅要求判断单个变量“Type of soil”是“derived”还是“not derived”，本质上是在直接考察学生对基本概念的识别与理解，没有统计分析、计算、作图或综合推理过程，属于过于基础或简单的问题，因此不适合用于检测学生的统计学水平。,"{'completion_tokens': 122, 'prompt_tokens': 570, 'total_tokens': 692, 'completion_tokens_details': {'reasoning_tokens': 28}, 'prompt_tokens_details': {'cached_tokens': 0}}"
23,book4_r1\006.json,"Twenty hedgehogs were sampled from a population in autumn (before hibernation) and weighed. In the spring, the population was again sampled and twenty hedgehogs were captured and weighed. The following data (in kilograms) were obtained:

\begin{tabular}{llllllllll}
Autumn & & & & & & & & & \\
0.91 & 0.87 & 0.97 & 0.79 & 1.09 & 0.96 & 0.98 & 0.82 & 0.84 & 0.89 \\
1.01 & 0.92 & 0.70 & 0.88 & 0.91 & 0.89 & 0.79 & 0.81 & 0.99 & 0.75 \\
Spring & & & & & & & & & \\
0.71 & 0.55 & 0.60 & 0.74 & 0.58 & 0.49 & 0.61 & 0.66 & 0.75 & 0.85 \\
0.61 & 0.49 & 0.59 & 0.83 & 0.74 & 0.77 & 0.82 & 0.57 & 0.66 & 0.71 \\
\hline
\end{tabular}","\begin{tabular}{|l|l|l|l|l|l|}
\hline df & $t$ & & df & \multicolumn{2}{|l|}{\multirow[t]{2}{*}{$t$}} \
\hline $P=0.05$ & $P=0.01$ & $P=0.05$ & $P=0.01$ & & \
\hline 1 & 12.706 & 63.657 & 19 & 2.093 & 2.861 \
\hline 2 & 4.303 & 9.925 & 20 & 2.086 & 2.845 \
\hline 3 & 3.182 & 5.841 & 21 & 2.080 & 2.831 \
\hline 4 & 2.776 & 4.604 & 22 & 2.074 & 2.819 \
\hline 5 & 2.571 & 4.032 & 23 & 2.069 & 2.807 \
\hline 6 & 2.447 & 3.707 & 24 & 2.064 & 2.797 \
\hline 7 & 2.365 & 3.499 & 25 & 2.060 & 2.787 \
\hline 8 & 2.306 & 3.355 & 26 & 2.056 & 2.779 \
\hline
\end{tabular}

\begin{tabular}{|l|l|l|l|l|l|}
\hline df & $t$ & & df & $t$ & \
\hline $P=0.05$ & $P=0.01$ & $\boldsymbol{P}=0.05$ & $P=0.01$ & & \
\hline 9 & 2.262 & 3.250 & 27 & 2.052 & 2.771 \
\hline 10 & 2.228 & 3.169 & 28 & 2.048 & 2.763 \
\hline 11 & 2.201 & 3.106 & 29 & 2.045 & 2.756 \
\hline 12 & 2.179 & 3.055 & 30 & 2.042 & 2.750 \
\hline 13 & 2.160 & 3.012 & 40 & 2.021 & 2.704 \
\hline 14 & 2.145 & 2.977 & 50 & 2.009 & 2.678 \
\hline 15 & 2.131 & 2.947 & 60 & 2.000 & 2.660 \
\hline 16 & 2.120 & 2.921 & 100 & 1.984 & 2.626 \
\hline 17 & 2.110 & 2.898 & 120 & 1.980 & 2.617 \
\hline 18 & 2.101 & 2.878 & $\infty$ & 1.960 & 2.576 \
\hline
\end{tabular}","For both spring and autumn hedgehog collections, calculate the statistics indicated (mean, standard deviation, standard error of the mean, degrees of freedom, and 95% confidence limits of the mean).",1,无,"{'completion_tokens': 59, 'prompt_tokens': 1610, 'total_tokens': 1669, 'completion_tokens_details': {'reasoning_tokens': 36}, 'prompt_tokens_details': {'cached_tokens': 1280}}"
52,book4_r1\016.json,"For several makes of car, data for engine size and fuel economy are shown below:

\begin{tabular}{|l|l|l|l|l|l|l|l|l|}
\hline Make & Engine size(l) & Fuel economy ( $\mathrm{kml}^{-1}$ ) & Make & Engine size(l) & Fuel economy ( $\mathrm{kml}^{-1}$ ) & Make & Engine size (l) & Fuel economy ( $\mathrm{km} \mathrm{l}^{-1}$ ) \\
\hline A & 1.0 & 14.3 & I & 1.1 & 14.9 & Q & 1.6 & 12.0 \\
\hline B & 1.0 & 16.4 & J & 1.4 & 12.7 & R & 1.6 & 12.4 \\
\hline C & 1.0 & 16.7 & K & 1.4 & 12.8 & S & 1.6 & 12.5 \\
\hline D & 1.0 & 17.2 & L & 1.4 & 13.5 & T & 1.6 & 12.8 \\
\hline E & 1.0 & 17.6 & M & 1.4 & 13.9 & U & 1.6 & 13.9 \\
\hline F & 1.0 & 17.6 & N & 1.4 & 14.5 & V & 1.6 & 14.7 \\
\hline G & 1.0 & 18.2 & O & 1.4 & 15.2 & W & 1.8 & 11.5 \\
\hline H & 1.1 & 14.9 & P & 1.4 & 15.6 & X & 1.8 & 12.8 \\
\hline
\end{tabular}",,What do you conclude about the relationship between engine size and fuel economy?,1,无,"{'completion_tokens': 60, 'prompt_tokens': 862, 'total_tokens': 922, 'completion_tokens_details': {'reasoning_tokens': 37}, 'prompt_tokens_details': {'cached_tokens': 0}}"
27,book4_r1\008.json,"In a survey to assess the extent of fungal infection of a certain tree species, the percentage of leaves showing any infection was calculated for each of 20 individual trees. The following data (percentages) were recorded:

102 45 19 21 55 45 81 24 48 45 98","\begin{table}
\captionsetup{labelformat=empty}
\caption{Table D. 2 Values of t for use in calculating confidence limits and in unpaired and paired t tests. If using these values to calculate $95 \%$ confidence limits of the mean (see Box 2.6), then the df are $\mathrm{n}-1$. If this table is being used for an unpaired $\mathbf{t}$ test (see Box 4.1), the df are $\mathbf{n}_1+\mathbf{n}_2-\mathbf{2}$ (where $\mathbf{n}_1$ and $\mathbf{n}_2$ are the sizes of samples $\mathbf{1}$ and $\mathbf{2}$, respectively). If this table is being used for a paired $\mathbf{t}$ test (Box 4.5), the df are $\mathbf{n}-\mathbf{1}$ (where $\mathbf{n}$ is the number of data pairs). When used in t tests (paired or unpaired), the results are significant if the calculated value of t is higher than the table value}
\begin{tabular}{|l|l|l|l|l|l|}
\hline df & $t$ & & df & \multicolumn{2}{|l|}{\multirow[t]{2}{*}{$t$}} \
\hline $P=0.05$ & $P=0.01$ & $P=0.05$ & $P=0.01$ & & \
\hline 1 & 12.706 & 63.657 & 19 & 2.093 & 2.861 \
\hline 2 & 4.303 & 9.925 & 20 & 2.086 & 2.845 \
\hline 3 & 3.182 & 5.841 & 21 & 2.080 & 2.831 \
\hline 4 & 2.776 & 4.604 & 22 & 2.074 & 2.819 \
\hline 5 & 2.571 & 4.032 & 23 & 2.069 & 2.807 \
\hline 6 & 2.447 & 3.707 & 24 & 2.064 & 2.797 \
\hline 7 & 2.365 & 3.499 & 25 & 2.060 & 2.787 \
\hline 8 & 2.306 & 3.355 & 26 & 2.056 & 2.779 \
\hline
\end{tabular}
\end{table}

\begin{tabular}{|l|l|l|l|l|l|}
\hline df & t & & df & \multicolumn{2}{|l|}{$t$} \
\hline $P=0.05$ & $P=0.01$ & $P=0.05$ & $P=0.01$ & & \
\hline 9 & 2.262 & 3.250 & 27 & 2.052 & 2.771 \
\hline 10 & 2.228 & 3.169 & 28 & 2.048 & 2.763 \
\hline 11 & 2.201 & 3.106 & 29 & 2.045 & 2.756 \
\hline 12 & 2.179 & 3.055 & 30 & 2.042 & 2.750 \
\hline 13 & 2.160 & 3.012 & 40 & 2.021 & 2.704 \
\hline 14 & 2.145 & 2.977 & 50 & 2.009 & 2.678 \
\hline 15 & 2.131 & 2.947 & 60 & 2.000 & 2.660 \
\hline 16 & 2.120 & 2.921 & 100 & 1.984 & 2.626 \
\hline 17 & 2.110 & 2.898 & 120 & 1.980 & 2.617 \
\hline 18 & 2.101 & 2.878 & $\infty$ & 1.960 & 2.576 \
\hline
\end{tabular}",Plot the data as a frequency histogram.,0,题目不适合。理由是题干说明有20棵树的数据，但背景中只给出了11个百分比数值，数据明显不完整，无法据此正确绘制频数直方图；同时“data”字段提供的是t分布表，与该题作图无关，不能补足缺失数据。因此该题依赖了未提供的重要信息，属于题目信息不完整、无法正常作答的情况。,"{'completion_tokens': 264, 'prompt_tokens': 1477, 'total_tokens': 1741, 'completion_tokens_details': {'reasoning_tokens': 144}, 'prompt_tokens_details': {'cached_tokens': 1280}}"
49,book4_r1\016.json,"For several makes of car, data for engine size and fuel economy are shown below:

\begin{tabular}{|l|l|l|l|l|l|l|l|l|}
\hline Make & Engine size(l) & Fuel economy ( $\mathrm{kml}^{-1}$ ) & Make & Engine size(l) & Fuel economy ( $\mathrm{kml}^{-1}$ ) & Make & Engine size (l) & Fuel economy ( $\mathrm{km} \mathrm{l}^{-1}$ ) \\
\hline A & 1.0 & 14.3 & I & 1.1 & 14.9 & Q & 1.6 & 12.0 \\
\hline B & 1.0 & 16.4 & J & 1.4 & 12.7 & R & 1.6 & 12.4 \\
\hline C & 1.0 & 16.7 & K & 1.4 & 12.8 & S & 1.6 & 12.5 \\
\hline D & 1.0 & 17.2 & L & 1.4 & 13.5 & T & 1.6 & 12.8 \\
\hline E & 1.0 & 17.6 & M & 1.4 & 13.9 & U & 1.6 & 13.9 \\
\hline F & 1.0 & 17.6 & N & 1.4 & 14.5 & V & 1.6 & 14.7 \\
\hline G & 1.0 & 18.2 & O & 1.4 & 15.2 & W & 1.8 & 11.5 \\
\hline H & 1.1 & 14.9 & P & 1.4 & 15.6 & X & 1.8 & 12.8 \\
\hline
\end{tabular}",,Plot these data with the regression line.,1,无,"{'completion_tokens': 110, 'prompt_tokens': 843, 'total_tokens': 953, 'completion_tokens_details': {'reasoning_tokens': 87}, 'prompt_tokens_details': {'cached_tokens': 0}}"
9,book4_r1\002.json,"Identify whether the variables below are continuous or discrete:

\begin{tabular}{|l|l|l|}
\hline Variable & Continuous & Discrete \\
\hline Amount of rainfall in a day (mm) & & \\
\hline Number of people with an interest in environmental issues & & \\
\hline Percentage of leaves on a tree displaying fungal infection & & \\
\hline The concentration of cadmium in roadside soils & & \\
\hline Type of site (either reclaimed or not) & & \\
\hline
\end{tabular}",,Determine whether 'The concentration of cadmium in roadside soils' is continuous or discrete.,0,该题仅要求判断一个变量属于连续型还是离散型，属于对统计学基本概念的直接识别与理解考察，问题过于基础和简单，不适合用于检测学生的统计学水平。,"{'completion_tokens': 103, 'prompt_tokens': 525, 'total_tokens': 628, 'completion_tokens_details': {'reasoning_tokens': 33}, 'prompt_tokens_details': {'cached_tokens': 0}}"
2,book4_r1\001.json,"Identify the data types represented by these variables:

\begin{tabular}{|l|l|l|l|}
\hline Variable & Nominal & Ordinal & Interval/ratio\\
\hline Ratio of a tree's breadth to its height & & \\
\hline Level of trampling on a footpath (low, medium or high) & & \\
\hline Of the invertebrates caught in a trap, the percentage that are herbivorous (plant eating) & & \\
\hline Number of lorries passing a census point within one hour & & \\
\hline Footpath construction (concrete, gravel, none) & & \\
\hline
\end{tabular}",,"What is the data type for 'Level of trampling on a footpath (low, medium or high)'?",0,该题仅要求判断单个变量所属的数据类型（Ordinal），属于对基本概念的直接识别与理解，没有涉及统计计算、分析或更高层次的统计推理，因此过于基础，不适合用于检测学生的统计学水平。,"{'completion_tokens': 97, 'prompt_tokens': 554, 'total_tokens': 651, 'completion_tokens_details': {'reasoning_tokens': 20}, 'prompt_tokens_details': {'cached_tokens': 0}}"
45,book4_r1\014.json,"For several African countries, the number of physicians (per 10000 population) and the infant mortality rate (number of deaths of infants less than one year old per 1000 live births) are recorded below:

\begin{tabular}{llllll}
\hline Country & Number of physicians & Infant mortality rate & Country & Number of physicians & Infant mortality rate \\
\hline A & 0.2 & 126 & J & 0.8 & 116 \\
B & 0.5 & 102 & K & 0.3 & 124
\end{tabular}
\begin{tabular}{|l|l|l|l|l|l|}
\hline Country & Number of physicians & Infant mortality rate & Country & Number of physicians & Infant mortality rate \\
\hline C & 1.3 & 65 & L & 1.3 & 96 \\
\hline D & 0.1 & 142 & M & 0.5 & 117 \\
\hline E & 1.4 & 121 & N & 0.7 & 142 \\
\hline F & 1.2 & 64 & O & 0.5 & 107 \\
\hline G & 1.1 & 79 & P & 0.8 & 85 \\
\hline H & 0.4 & 138 & Q & 1.4 & 71 \\
\hline I & 0.4 & 159 & & & \\
\hline
\end{tabular}",,What do you conclude about the relationship between the number of physicians and the infant mortality rate?,1,无,"{'completion_tokens': 67, 'prompt_tokens': 785, 'total_tokens': 852, 'completion_tokens_details': {'reasoning_tokens': 44}, 'prompt_tokens_details': {'cached_tokens': 0}}"
16,book4_r1\004.json,"An environmental researcher wishes to measure the plant diversity in an area of $100 \times 100 \mathrm{~m}$ in a meadow. She decides to take 100 readings using a 1 m quadrat, and considers the following three survey designs.",,"Identify which of the designs is random, systematic or stratified-random, and state briefly any main advantages and disadvantages of the method: (i) Dividing the sample area into ten 10 m blocks and taking one sample from a random coordinate within each of the blocks.",0,该题主要考察学生对抽样设计类型（随机、系统、分层随机）及其优缺点的基本概念识别与简单说明，不涉及统计计算、数据分析或较深入的统计推理，属于直接考察基本概念理解的题目，因此不适合用于检测学生的统计学水平。,"{'completion_tokens': 182, 'prompt_tokens': 497, 'total_tokens': 679, 'completion_tokens_details': {'reasoning_tokens': 88}, 'prompt_tokens_details': {'cached_tokens': 0}}"
12,book4_r1\003.json,"Identify which of the variables below are derived:
\begin{table}
\captionsetup{labelformat=empty}
\caption{1.3 Identify which of the variables below are derived:}
\begin{tabular}{|l|l|l|}
\hline Variable & Derived & Not derived \\
\hline pH of soil & & \\
\hline Number of households that own a car & & \\
\hline Percentage of tree canopy cover in a woodland & & \\
\hline Estimate of tree canopy cover in a woodland (open, intermediate, closed) & & \\
\hline Type of soil (designated as clay, loam or sandy & & \\
\hline
\end{tabular}
\end{table}",,Is the variable 'Number of households that own a car' derived or not derived?,0,该题仅要求判断单个变量“Number of households that own a car”是否为派生变量，本质上是在直接考察学生对“derived variable（派生变量）”这一基本概念的理解与识别，题目过于基础和简单，缺乏统计计算、分析或综合推理过程，因此不适合用于检测学生的统计学水平。,"{'completion_tokens': 145, 'prompt_tokens': 564, 'total_tokens': 709, 'completion_tokens_details': {'reasoning_tokens': 41}, 'prompt_tokens_details': {'cached_tokens': 0}}"
1,book4_r1\001.json,"Identify the data types represented by these variables:

\begin{tabular}{|l|l|l|l|}
\hline Variable & Nominal & Ordinal & Interval/ratio\\
\hline Ratio of a tree's breadth to its height & & \\
\hline Level of trampling on a footpath (low, medium or high) & & \\
\hline Of the invertebrates caught in a trap, the percentage that are herbivorous (plant eating) & & \\
\hline Number of lorries passing a census point within one hour & & \\
\hline Footpath construction (concrete, gravel, none) & & \\
\hline
\end{tabular}",,What is the data type for 'Ratio of a tree's breadth to its height'?,0,该题仅要求判断单个变量所属的数据类型（名义、顺序或区间/比率），属于对统计学基本概念的直接识别与理解，过于基础和简单，不适合用于检测学生的统计学水平。,"{'completion_tokens': 100, 'prompt_tokens': 551, 'total_tokens': 651, 'completion_tokens_details': {'reasoning_tokens': 24}, 'prompt_tokens_details': {'cached_tokens': 0}}"
35,book4_r1\011.json,"In a study of copper contamination of soils in woods near a smelter, the humus layer and the soil layer of each of six woodlands (A to F) were analysed for copper, and the following concentrations of copper were obtained (in micrograms per gram):

\begin{tabular}{lllllll} 
Woodland & A & B & C & D & E & F \\
Humus & 155 & 48 & 25 & 24 & 22 & 15 \\
Soil & 150 & 24 & 19 & 19 & 15 & 14 \\
\hline
\end{tabular}",,"(i) Use a paired $t$ test on the above data (because the humus and soil samples are matched for each woodland) and report the following:

Mean difference (d)
t value: df: Probability:",1,无,"{'completion_tokens': 50, 'prompt_tokens': 639, 'total_tokens': 689, 'completion_tokens_details': {'reasoning_tokens': 27}, 'prompt_tokens_details': {'cached_tokens': 0}}"
70,book4_r1\022.json,"The amount of nitrogen (in kilotonnes per annum) entering UK coastal waters via fresh water inputs (i.e. from rivers) is compared to that entering directly into saline waters from point sources (e.g. pipes):
\begin{tabular}{|l|l|l|l|l|l|l|}
\hline & & \multicolumn{5}{|l|}{Region} \\
\hline & & Atlantic & North Sea (East coast) & North Sea (Channel) & Celtic Sea & Irish Sea \\
\hline Route & Rivers & 28 & 93 & 17 & 30 & 42 \\
\hline & Direct & 10 & 77 & 12 & 11 & 6 \\
\hline
\end{tabular}",,"Perform a two-way ANOVA with single observations in each cell (assume there is no interaction between input route and region) to decide whether there is a difference in the amount of nitrogen entering coastal waters: (a) via the two routes; and (b) between regions. Note that the amount of nitrogen entering coastal waters via the two routes could be compared using a paired $t$ test-and yield the same result-but this would not provide information on variation between regions.

\begin{tabular}{|l|l|l|l|l|l|}
\hline & df & SS & MS & F & P \\
\hline Route & & & & & \\
\hline Region & & & & & \\
\hline Remainder & & & & & \\
\hline Total & & & & & \\
\hline
\end{tabular}",1,无,"{'completion_tokens': 65, 'prompt_tokens': 900, 'total_tokens': 965, 'completion_tokens_details': {'reasoning_tokens': 42}, 'prompt_tokens_details': {'cached_tokens': 0}}"
68,book4_r1\021.json,"The percentages of all forest lost per year in ten randomly selected countries in each of Central America and South East Asia are given below. Half of the countries are island countries, and half are mainland countries. The arcsine-transformed data (to normalise the distributions) are given alongside the original data (the variances of the transformed data have been subjected to an $F_{\text {max }}$ test and are not significantly different).

\begin{tabular}{|l|l|l|l|l|}
\hline & \multicolumn{4}{|l|}{Region} \\
\hline & \multicolumn{2}{|l|}{Central America} & \multicolumn{2}{|l|}{South East Asia} \\
\hline & \% lost & arcsine-transformed & \% lost & arcsine-transformed \\
\hline \multirow{8}{*}{Mainland} & 3.1 & 0.177 & 1.0 & 0.100 \\
\hline 3.2 & 0.180 & 1.5 & 0.123 \\
\hline 2.0 & 0.142 & 2.5 & 0.159 \\
\hline 2.3 & 0.152 & 1.7 & 0.131 \\
\hline & 2.7 & 0.165 & 0.2 & 0.045 \\
\hline Location \\
\hline  \multirow{8}{*}{Island} & 0.1 & 0.032 & 0.1 & 0.032 \\
\hline 0.6 & 0.078 & 0.1 & 0.032 \\
\hline 3.8 & 0.196 & 0.2 & 0.045 \\
\hline 3.0 & 0.174 & 1.5 & 0.123 \\
\hline & 0.4 & 0.063 & 0.8 & 0.090 \\
\hline
\end{tabular}",,Draw a line plot of the means and standard errors of the transformed data.,1,无,"{'completion_tokens': 100, 'prompt_tokens': 882, 'total_tokens': 982, 'completion_tokens_details': {'reasoning_tokens': 77}, 'prompt_tokens_details': {'cached_tokens': 0}}"
74,book4_r1\023.json,"An environmental pressure group contacted backbench MPs from two political parties (neither of which were in government), just before and immediately after a general election, and asked them for their views on environmental issues. The responses were analysed using content analysis. The number of positive words in each politician's statements were as follows:

\begin{tabular}{|l|l|l|l|}
\hline \multicolumn{2}{|c|}{\multirow{2}{*}{}} &  \multicolumn{2}{|l|}{Political party} \\
\hline & & Beige & Grey \\
\hline \multirow{30}{*}{Timing} & & 9 & 9 \\
\hline & 11 & 9 \\
\hline & 11 & 11 \\
\hline & 7 & 12 \\
\hline Before & 14 & 14 \\
\hline & 12 & 11 \\
\hline & 10 & 10 \\
\hline & 8 & 7 \\
\hline & 7 & 6 \\
\hline & 8 & 9 \\
\hline & 8 & 5 \\
\hline & 6 & 6 \\
\hline & 5 & 7 \\
\hline & 8 & 4 \\
\hline After & 11 & 9 \\
\hline
\end{tabular}
\begin{tabular}{|l|l|}
\hline \multicolumn{2}{|l|}{Political party} \\
\hline Beige & Grey \\
\hline 9 & 10 \\
\hline 10 & 7 \\
\hline 8 & 5 \\
\hline 7 & 7 \\
\hline 7 & 6 \\
\hline
\end{tabular}

Assume that each MP was randomly selected before the election and, if re-elected, was omitted from the random survey after the election (i.e. the data are independent).",,"(iii) Using multiple comparison tests where appropriate, what can you conclude from these results?",0,"该题目不适合。原因是问题表述“Using multiple comparison tests where appropriate, what can you conclude from these results?”中的“these results”明显依赖前面小题的分析结果（如方差分析结果、显著性检验结果等），而这些关键结果并未在题干或数据中给出。虽然给出了原始数据，但该问的表述本身是在承接前文，属于需要用到其他题目解答结果的重要信息未体现的情况。","{'completion_tokens': 209, 'prompt_tokens': 942, 'total_tokens': 1151, 'completion_tokens_details': {'reasoning_tokens': 77}, 'prompt_tokens_details': {'cached_tokens': 0}}"
41,book4_r1\013.json,"Consider an investigation into the possible effects on non-smokers of allowing smoking in a shared office environment. The investigators measured lung capacity using different methods and scenarios to identify differences between the central tendency of the samples collected. The tests explored in this chapter include: $t$ test, Mann-Whitney $U$ test, paired $t$ test, and Wilcoxon matched-pairs test.",,"Measured the lung capacity on a scale of 1 to 5 (where 1 was poor and 5 was excellent) of the nonsmoking office staff before smoking was banned, and on the same staff a month after a ban on smoking had been enforced. Which test would you employ to identify differences between the central tendency of the samples?",0,该题仅要求根据题目情境直接判断应使用哪一种统计检验方法，没有要求学生进行计算、分析结果或更深入的统计推断，属于对基本统计概念和检验方法适用条件的直接考察，因而过于基础，不适合用于检测学生的统计学水平。,"{'completion_tokens': 221, 'prompt_tokens': 536, 'total_tokens': 757, 'completion_tokens_details': {'reasoning_tokens': 130}, 'prompt_tokens_details': {'cached_tokens': 0}}"
39,book4_r1\013.json,"Consider an investigation into the possible effects on non-smokers of allowing smoking in a shared office environment. The investigators measured lung capacity using different methods and scenarios to identify differences between the central tendency of the samples collected. The tests explored in this chapter include: $t$ test, Mann-Whitney $U$ test, paired $t$ test, and Wilcoxon matched-pairs test.",,"Measured the lung capacity (in cubic metres) of the non-smokers before smoking was banned, and on the same staff a month after a ban on smoking had been enforced. Which test would you employ to identify differences between the central tendency of the samples?",0,该题目仅要求根据题干情境判断应选用哪一种统计检验方法，本质上是对基本统计概念和常见检验适用条件的直接识别，未涉及数据分析、计算、作图或更深入的统计推断过程。因此属于“仅直接考察学生对某个基本概念的理解”的题目，不适合作为检测统计学水平的题目。,"{'completion_tokens': 241, 'prompt_tokens': 534, 'total_tokens': 775, 'completion_tokens_details': {'reasoning_tokens': 129}, 'prompt_tokens_details': {'cached_tokens': 0}}"
64,book4_r1\019.json,"$\mathrm{NO}_2$ concentrations (in parts per billion) in the exhaust fumes of different types of vehicle (cars, minibuses and buses) were sampled and the following data were obtained:

\begin{tabular}{lll}
\hline Car & Minibus & Bus \\
\hline 69 & 51 & 41 \\
62 & 45 & 48 \\
73 & 59 & 42
\end{tabular}
\begin{tabular}{|l|l|l|}
\hline Car & Minibus & Bus \\
\hline 70 & 57 & 39 \\
\hline 68 & 58 & 47 \\
\hline 68 & 54 & 49 \\
\hline 64 & 46 & 35 \\
\hline 71 & 48 & 41 \\
\hline
\end{tabular}",,"Using multiple comparison tests where appropriate, what do you conclude from your analysis of these data?",1,无,"{'completion_tokens': 51, 'prompt_tokens': 679, 'total_tokens': 730, 'completion_tokens_details': {'reasoning_tokens': 28}, 'prompt_tokens_details': {'cached_tokens': 0}}"
60,book4_r1\018.json,"Trees were surveyed for the presence of lichen. Each lichen found was recorded as either occurring on the north, east, south or west quadrant of the tree: 36 lichens were found on north-facing quadrants, 50 on east-facing quadrants, 29 on south-facing quadrants and 45 on west-facing quadrants.",,What can you conclude about the distribution of lichens on trees?,1,无,"{'completion_tokens': 66, 'prompt_tokens': 462, 'total_tokens': 528, 'completion_tokens_details': {'reasoning_tokens': 43}, 'prompt_tokens_details': {'cached_tokens': 0}}"
24,book4_r1\006.json,"Twenty hedgehogs were sampled from a population in autumn (before hibernation) and weighed. In the spring, the population was again sampled and twenty hedgehogs were captured and weighed. The following data (in kilograms) were obtained:

\begin{tabular}{llllllllll}
Autumn & & & & & & & & & \\
0.91 & 0.87 & 0.97 & 0.79 & 1.09 & 0.96 & 0.98 & 0.82 & 0.84 & 0.89 \\
1.01 & 0.92 & 0.70 & 0.88 & 0.91 & 0.89 & 0.79 & 0.81 & 0.99 & 0.75 \\
Spring & & & & & & & & & \\
0.71 & 0.55 & 0.60 & 0.74 & 0.58 & 0.49 & 0.61 & 0.66 & 0.75 & 0.85 \\
0.61 & 0.49 & 0.59 & 0.83 & 0.74 & 0.77 & 0.82 & 0.57 & 0.66 & 0.71 \\
\hline
\end{tabular}","\begin{tabular}{|l|l|l|l|l|l|}
\hline df & $t$ & & df & \multicolumn{2}{|l|}{\multirow[t]{2}{*}{$t$}} \
\hline $P=0.05$ & $P=0.01$ & $P=0.05$ & $P=0.01$ & & \
\hline 1 & 12.706 & 63.657 & 19 & 2.093 & 2.861 \
\hline 2 & 4.303 & 9.925 & 20 & 2.086 & 2.845 \
\hline 3 & 3.182 & 5.841 & 21 & 2.080 & 2.831 \
\hline 4 & 2.776 & 4.604 & 22 & 2.074 & 2.819 \
\hline 5 & 2.571 & 4.032 & 23 & 2.069 & 2.807 \
\hline 6 & 2.447 & 3.707 & 24 & 2.064 & 2.797 \
\hline 7 & 2.365 & 3.499 & 25 & 2.060 & 2.787 \
\hline 8 & 2.306 & 3.355 & 26 & 2.056 & 2.779 \
\hline
\end{tabular}

\begin{tabular}{|l|l|l|l|l|l|}
\hline df & $t$ & & df & $t$ & \
\hline $P=0.05$ & $P=0.01$ & $\boldsymbol{P}=0.05$ & $P=0.01$ & & \
\hline 9 & 2.262 & 3.250 & 27 & 2.052 & 2.771 \
\hline 10 & 2.228 & 3.169 & 28 & 2.048 & 2.763 \
\hline 11 & 2.201 & 3.106 & 29 & 2.045 & 2.756 \
\hline 12 & 2.179 & 3.055 & 30 & 2.042 & 2.750 \
\hline 13 & 2.160 & 3.012 & 40 & 2.021 & 2.704 \
\hline 14 & 2.145 & 2.977 & 50 & 2.009 & 2.678 \
\hline 15 & 2.131 & 2.947 & 60 & 2.000 & 2.660 \
\hline 16 & 2.120 & 2.921 & 100 & 1.984 & 2.626 \
\hline 17 & 2.110 & 2.898 & 120 & 1.980 & 2.617 \
\hline 18 & 2.101 & 2.878 & $\infty$ & 1.960 & 2.576 \
\hline
\end{tabular}",Plot the means and standard error bars of hedgehog mass in the autumn and spring collections on a bar or point chart.,1,无,"{'completion_tokens': 72, 'prompt_tokens': 1507, 'total_tokens': 1579, 'completion_tokens_details': {'reasoning_tokens': 49}, 'prompt_tokens_details': {'cached_tokens': 0}}"
53,book4_r1\017.json,"As part of a study into the effects of woodland management on bird distribution, 36 woods were surveyed for the presence (P) or absence (A) of long-tailed tits and classified as one of three woodland types: pre-thicket (PT), thicket (T) or high forest (HF). The following data were obtained:

\begin{tabular}{|l|l|l|l|l|l|}
\hline Wood number & Wood type & Presence or absence of longtailed tits & Wood number & Wood type & Presence or absence of longtailed tits \\
\hline 1 & PT & P & 19 & HF & A \\
\hline 2 & HF & P & 20 & T & P \\
\hline 3 & PT & A & 21 & PT & P \\
\hline 4 & PT & P & 22 & PT & P \\
\hline 5 & HF & A & 23 & HF & A \\
\hline 6 & T & P & 24 & T & P \\
\hline 7 & HF & A & 25 & PT & A \\
\hline 8 & T & P & 26 & PT & P \\
\hline 9 & HF & P & 27 & HF & P \\
\hline 10 & T & P & 28 & T & P \\
\hline 11 & PT & A & 29 & PT & A \\
\hline 12 & T & A & 30 & PT & P \\
\hline 13 & T & P & 31 & T & P \\
\hline
\end{tabular}
\begin{tabular}{|l|l|l|l|l|l|}
\hline Wood number & Wood type & Presence or absence of longtailed tits & Wood number & Wood type & Presence or absence of longtailed tits \\
\hline 14 & HF & P & 32 & HF & A \\
\hline 15 & PT & A & 33 & T & P \\
\hline 16 & T & P & 34 & HF & A \\
\hline 17 & HF & A & 35 & PT & P \\
\hline 18 & HF & P & 36 & HF & A \\
\hline
\end{tabular}",,"Arrange the data in a $3 \times 2$ contingency table (including row, column and grand totals).",1,无,"{'completion_tokens': 64, 'prompt_tokens': 1073, 'total_tokens': 1137, 'completion_tokens_details': {'reasoning_tokens': 41}, 'prompt_tokens_details': {'cached_tokens': 0}}"
28,book4_r1\008.json,"In a survey to assess the extent of fungal infection of a certain tree species, the percentage of leaves showing any infection was calculated for each of 20 individual trees. The following data (percentages) were recorded:

102 45 19 21 55 45 81 24 48 45 98","\begin{table}
\captionsetup{labelformat=empty}
\caption{Table D. 2 Values of t for use in calculating confidence limits and in unpaired and paired t tests. If using these values to calculate $95 \%$ confidence limits of the mean (see Box 2.6), then the df are $\mathrm{n}-1$. If this table is being used for an unpaired $\mathbf{t}$ test (see Box 4.1), the df are $\mathbf{n}_1+\mathbf{n}_2-\mathbf{2}$ (where $\mathbf{n}_1$ and $\mathbf{n}_2$ are the sizes of samples $\mathbf{1}$ and $\mathbf{2}$, respectively). If this table is being used for a paired $\mathbf{t}$ test (Box 4.5), the df are $\mathbf{n}-\mathbf{1}$ (where $\mathbf{n}$ is the number of data pairs). When used in t tests (paired or unpaired), the results are significant if the calculated value of t is higher than the table value}
\begin{tabular}{|l|l|l|l|l|l|}
\hline df & $t$ & & df & \multicolumn{2}{|l|}{\multirow[t]{2}{*}{$t$}} \
\hline $P=0.05$ & $P=0.01$ & $P=0.05$ & $P=0.01$ & & \
\hline 1 & 12.706 & 63.657 & 19 & 2.093 & 2.861 \
\hline 2 & 4.303 & 9.925 & 20 & 2.086 & 2.845 \
\hline 3 & 3.182 & 5.841 & 21 & 2.080 & 2.831 \
\hline 4 & 2.776 & 4.604 & 22 & 2.074 & 2.819 \
\hline 5 & 2.571 & 4.032 & 23 & 2.069 & 2.807 \
\hline 6 & 2.447 & 3.707 & 24 & 2.064 & 2.797 \
\hline 7 & 2.365 & 3.499 & 25 & 2.060 & 2.787 \
\hline 8 & 2.306 & 3.355 & 26 & 2.056 & 2.779 \
\hline
\end{tabular}
\end{table}

\begin{tabular}{|l|l|l|l|l|l|}
\hline df & t & & df & \multicolumn{2}{|l|}{$t$} \
\hline $P=0.05$ & $P=0.01$ & $P=0.05$ & $P=0.01$ & & \
\hline 9 & 2.262 & 3.250 & 27 & 2.052 & 2.771 \
\hline 10 & 2.228 & 3.169 & 28 & 2.048 & 2.763 \
\hline 11 & 2.201 & 3.106 & 29 & 2.045 & 2.756 \
\hline 12 & 2.179 & 3.055 & 30 & 2.042 & 2.750 \
\hline 13 & 2.160 & 3.012 & 40 & 2.021 & 2.704 \
\hline 14 & 2.145 & 2.977 & 50 & 2.009 & 2.678 \
\hline 15 & 2.131 & 2.947 & 60 & 2.000 & 2.660 \
\hline 16 & 2.120 & 2.921 & 100 & 1.984 & 2.626 \
\hline 17 & 2.110 & 2.898 & 120 & 1.980 & 2.617 \
\hline 18 & 2.101 & 2.878 & $\infty$ & 1.960 & 2.576 \
\hline
\end{tabular}",Arcsine-transform the data and plot the transformed data.,0,题目不适合。原因是题干称有20棵树的数据，但background中实际只给出了11个百分比数据，完成反正弦变换和作图所需的关键数据缺失；而data字段提供的是t分布表，与本题要求无关，不能补足缺失信息。此外，answer字段虽然非空，但并未给出具体变换结果或图形，只是重复性描述，无法作为有效答案。,"{'completion_tokens': 226, 'prompt_tokens': 1488, 'total_tokens': 1714, 'completion_tokens_details': {'reasoning_tokens': 104}, 'prompt_tokens_details': {'cached_tokens': 1280}}"
20,book4_r1\005.json,A researcher wishes to know whether there is a difference in the amount of carbon monoxide emitted from the exhausts of large and small cars. He wishes to obtain 20 readings for the carbon monoxide concentrations from each size of car.,,Why is repeatedly sampling the same car incorrect?,0,该题仅要求学生解释为什么重复抽样同一辆车是不正确的，本质上是在直接考察对“独立性/伪重复（pseudoreplication）”这一基本统计概念的理解，没有数据分析、统计计算或更深入的推断任务，因此属于过于基础的概念性问题，不适合用来检测学生的统计学水平。,"{'completion_tokens': 172, 'prompt_tokens': 461, 'total_tokens': 633, 'completion_tokens_details': {'reasoning_tokens': 67}, 'prompt_tokens_details': {'cached_tokens': 0}}"
46,book4_r1\015.json,"The management conducted a visitor survey on opinions about the level of charges for admissions into a nature reserve. Two questions were posed, and the responses were coded for analysis. The survey results from questioning 20 people are summarized in the following tables:

How frequently do you visit the park?

\begin{tabular}{|l|l|}
\hline Choice given to respondent & Code \\
\hline more than once a week & 6 \\
\hline once a week & 5 \\
\hline once a fortnight & 4 \\
\hline once a month & 3 \\
\hline several times a year & 2 \\
\hline once a year or less & 1 \\
\hline
\end{tabular}

What is the maximum you would be prepared to pay to enter this park?

\begin{tabular}{|l|l|}
\hline Choice given to respondent & Code \\
\hline 50 p or less & 1 \\
\hline up to 75p & 2 \\
\hline up to £1.00 & 3 \\
\hline up to £1.25 & 4 \\
\hline up to £1.50 & 5 \\
\hline up to £1.75 & 6 \\
\hline up to £2.00 & 7 \\
\hline up to £2.50 & 8 \\
\hline £2.50 or more & 9 \\
\hline
\end{tabular}

The results from questioning 20 people were as follows:

\begin{tabular}{|l|l|l|l|l|l|}
\hline Person & Frequency of visit & Amount prepared to pay & Person & Frequency of visit & Amount prepared to pay \\
\hline A & 3 & 5 & K & 4 & 3 \\
\hline B & 3 & 4 & L & 2 & 7 \\
\hline C & 2 & 9 & M & 1 & 8 \\
\hline D & 4 & 1 & N & 3 & 3 \\
\hline E & 2 & 2 & O & 4 & 6 \\
\hline F & 1 & 3 & P & 2 & 8 \\
\hline G & 6 & 1 & Q & 5 & 1 \\
\hline H & 2 & 9 & R & 3 & 6 \\
\hline I & 3 & 5 & S & 4 & 5 \\
\hline J & 3 & 3 & T & 6 & 2 \\
\hline
\end{tabular}",,"Carry out Spearman's rank correlation on the data, and record the following:
$$
r_{\mathrm{s}}:
$$


$n:$
$P$ :",1,无,"{'completion_tokens': 67, 'prompt_tokens': 1100, 'total_tokens': 1167, 'completion_tokens_details': {'reasoning_tokens': 44}, 'prompt_tokens_details': {'cached_tokens': 0}}"
5,book4_r1\001.json,"Identify the data types represented by these variables:

\begin{tabular}{|l|l|l|l|}
\hline Variable & Nominal & Ordinal & Interval/ratio\\
\hline Ratio of a tree's breadth to its height & & \\
\hline Level of trampling on a footpath (low, medium or high) & & \\
\hline Of the invertebrates caught in a trap, the percentage that are herbivorous (plant eating) & & \\
\hline Number of lorries passing a census point within one hour & & \\
\hline Footpath construction (concrete, gravel, none) & & \\
\hline
\end{tabular}",,"What is the data type for 'Footpath construction (concrete, gravel, none)'?",0,"该题仅要求判断单个变量“Footpath construction (concrete, gravel, none)”的数据类型，属于对基础概念的直接识别与记忆性考察，没有统计计算、图表分析或更深入的统计推理，因此过于基础，不适合用于检测学生的统计学水平。","{'completion_tokens': 126, 'prompt_tokens': 551, 'total_tokens': 677, 'completion_tokens_details': {'reasoning_tokens': 37}, 'prompt_tokens_details': {'cached_tokens': 0}}"
17,book4_r1\004.json,"An environmental researcher wishes to measure the plant diversity in an area of $100 \times 100 \mathrm{~m}$ in a meadow. She decides to take 100 readings using a 1 m quadrat, and considers the following three survey designs.",,"Identify which of the designs is random, systematic or stratified-random, and state briefly any main advantages and disadvantages of the method: (ii) Taking random coordinates from the whole $100 \times 100 \mathrm{~m}$ sample area.",0,该题目不适合用于检测学生的统计学水平。原因是题目主要只是在考察学生对抽样方法基本概念的直接识别与简单解释：判断该设计属于 random，并简要说出优缺点。这属于对基础概念的直接理解性提问，没有明显的统计计算、数据分析或较深入的推理过程，因此应视为过于基础或简单的问题。,"{'completion_tokens': 151, 'prompt_tokens': 521, 'total_tokens': 672, 'completion_tokens_details': {'reasoning_tokens': 39}, 'prompt_tokens_details': {'cached_tokens': 0}}"
31,book4_r1\009.json,"Two sources of sediment in rivers are construction sites (which are likely to be urban in origin) and agricultural land (rural in origin). To investigate whether there was a difference in the amount of suspended sediments in urban and rural stretches of rivers, a river section in each of ten urban and rural areas was selected (each river was only used once, i.e. the data are independent). The river sections were otherwise similar in size, flow rate, altitude etc. The following sediment loads (in milligrams per litre) were obtained:
\begin{tabular}{lllllllllll} 
Rural & 82 & 55 & 50 & 34 & 50 & 44 & 29 & 77 & 60 & 71 \\
Urban & 95 & 111 & 39 & 78 & 56 & 62 & 82 & 93 & 77 & 62 \\
\hline
\end{tabular}",,"The above data have been examined and appear to be normally distributed. Use a $t$ test on the data, and record the following:
\begin{tabular}{|l|l|l|}
\hline & Rural & Urban \\
\hline Mean suspended sediment & & \\
\hline Standard deviation & & \\
\hline $t$ value & & \\
\hline df & & \\
\hline Probability & & \\
\hline
\end{tabular}",1,无,"{'completion_tokens': 56, 'prompt_tokens': 827, 'total_tokens': 883, 'completion_tokens_details': {'reasoning_tokens': 33}, 'prompt_tokens_details': {'cached_tokens': 0}}"
65,book4_r1\020.json,"A local council was considering introducing extensive recycling facilities. As part of a survey investigating the attitudes of the public towards the popularity of this initiative, the effect of age of the respondent was taken into account. Respondents were asked to score their enthusiasm towards recycling on a scale of 1 to 5 (where 5 was very enthusiastic) and their age was classed as: up to 25; from 26 to 50; or over 51 years. The following data were collected:

\begin{tabular}{|l|l|l|}
\hline Up to 25 & 26-50 & Over 51 \\
\hline 3 & 1 & 4 \\
\hline 2 & 2 & 3 \\
\hline 4 & 3 & 3 \\
\hline 4 & 3 & 5 \\
\hline 5 & 2 & 3 \\
\hline 4 & 2 & 1 \\
\hline 3 & 1 & 4 \\
\hline 1 & 1 & 4 \\
\hline 5 & 2 & 5 \\
\hline $\underline{4}$ & 2 & 4 \\
\hline
\end{tabular}",,"(i) Carry out Kruskal-Wallis one-way analysis of variance using ranks on the data:
\begin{tabular}{llllll}
\hline Rank means & & & \multicolumn{3}{l}{ Kruskal-Wallis } \\
\hline Up to 25 & 26 to 50 & Over 51 & df: & H: & P: \\
\hline
\end{tabular}",1,无,"{'completion_tokens': 55, 'prompt_tokens': 926, 'total_tokens': 981, 'completion_tokens_details': {'reasoning_tokens': 32}, 'prompt_tokens_details': {'cached_tokens': 0}}"
50,book4_r1\016.json,"For several makes of car, data for engine size and fuel economy are shown below:

\begin{tabular}{|l|l|l|l|l|l|l|l|l|}
\hline Make & Engine size(l) & Fuel economy ( $\mathrm{kml}^{-1}$ ) & Make & Engine size(l) & Fuel economy ( $\mathrm{kml}^{-1}$ ) & Make & Engine size (l) & Fuel economy ( $\mathrm{km} \mathrm{l}^{-1}$ ) \\
\hline A & 1.0 & 14.3 & I & 1.1 & 14.9 & Q & 1.6 & 12.0 \\
\hline B & 1.0 & 16.4 & J & 1.4 & 12.7 & R & 1.6 & 12.4 \\
\hline C & 1.0 & 16.7 & K & 1.4 & 12.8 & S & 1.6 & 12.5 \\
\hline D & 1.0 & 17.2 & L & 1.4 & 13.5 & T & 1.6 & 12.8 \\
\hline E & 1.0 & 17.6 & M & 1.4 & 13.9 & U & 1.6 & 13.9 \\
\hline F & 1.0 & 17.6 & N & 1.4 & 14.5 & V & 1.6 & 14.7 \\
\hline G & 1.0 & 18.2 & O & 1.4 & 15.2 & W & 1.8 & 11.5 \\
\hline H & 1.1 & 14.9 & P & 1.4 & 15.6 & X & 1.8 & 12.8 \\
\hline
\end{tabular}",,Plot the residuals against either the independent variable or the fitted values of $y$.,1,无,"{'completion_tokens': 68, 'prompt_tokens': 864, 'total_tokens': 932, 'completion_tokens_details': {'reasoning_tokens': 45}, 'prompt_tokens_details': {'cached_tokens': 0}}"
13,book4_r1\003.json,"Identify which of the variables below are derived:
\begin{table}
\captionsetup{labelformat=empty}
\caption{1.3 Identify which of the variables below are derived:}
\begin{tabular}{|l|l|l|}
\hline Variable & Derived & Not derived \\
\hline pH of soil & & \\
\hline Number of households that own a car & & \\
\hline Percentage of tree canopy cover in a woodland & & \\
\hline Estimate of tree canopy cover in a woodland (open, intermediate, closed) & & \\
\hline Type of soil (designated as clay, loam or sandy & & \\
\hline
\end{tabular}
\end{table}",,Is the variable 'Percentage of tree canopy cover in a woodland' derived or not derived?,0,该题目仅要求判断单个变量“Percentage of tree canopy cover in a woodland”是否属于 derived variable，本质上是在直接考察学生对“derived”这一基本概念的识别与理解，没有统计计算、数据分析、图表绘制或综合推理过程，属于过于基础或简单的问题，因此不适合用于检测学生的统计学水平。,"{'completion_tokens': 149, 'prompt_tokens': 564, 'total_tokens': 713, 'completion_tokens_details': {'reasoning_tokens': 47}, 'prompt_tokens_details': {'cached_tokens': 0}}"
36,book4_r1\011.json,"In a study of copper contamination of soils in woods near a smelter, the humus layer and the soil layer of each of six woodlands (A to F) were analysed for copper, and the following concentrations of copper were obtained (in micrograms per gram):

\begin{tabular}{lllllll} 
Woodland & A & B & C & D & E & F \\
Humus & 155 & 48 & 25 & 24 & 22 & 15 \\
Soil & 150 & 24 & 19 & 19 & 15 & 14 \\
\hline
\end{tabular}",,(ii) What can you conclude about the amount of copper in the humus layer and the soil layer of these six woods?,1,无,"{'completion_tokens': 72, 'prompt_tokens': 581, 'total_tokens': 653, 'completion_tokens_details': {'reasoning_tokens': 49}, 'prompt_tokens_details': {'cached_tokens': 0}}"
71,book4_r1\022.json,"The amount of nitrogen (in kilotonnes per annum) entering UK coastal waters via fresh water inputs (i.e. from rivers) is compared to that entering directly into saline waters from point sources (e.g. pipes):
\begin{tabular}{|l|l|l|l|l|l|l|}
\hline & & \multicolumn{5}{|l|}{Region} \\
\hline & & Atlantic & North Sea (East coast) & North Sea (Channel) & Celtic Sea & Irish Sea \\
\hline Route & Rivers & 28 & 93 & 17 & 30 & 42 \\
\hline & Direct & 10 & 77 & 12 & 11 & 6 \\
\hline
\end{tabular}",,"Using multiple comparison tests where appropriate, what can you conclude from these results?",1,无,"{'completion_tokens': 202, 'prompt_tokens': 652, 'total_tokens': 854, 'completion_tokens_details': {'reasoning_tokens': 179}, 'prompt_tokens_details': {'cached_tokens': 0}}"
32,book4_r1\009.json,"Two sources of sediment in rivers are construction sites (which are likely to be urban in origin) and agricultural land (rural in origin). To investigate whether there was a difference in the amount of suspended sediments in urban and rural stretches of rivers, a river section in each of ten urban and rural areas was selected (each river was only used once, i.e. the data are independent). The river sections were otherwise similar in size, flow rate, altitude etc. The following sediment loads (in milligrams per litre) were obtained:
\begin{tabular}{lllllllllll} 
Rural & 82 & 55 & 50 & 34 & 50 & 44 & 29 & 77 & 60 & 71 \\
Urban & 95 & 111 & 39 & 78 & 56 & 62 & 82 & 93 & 77 & 62 \\
\hline
\end{tabular}",,What can you conclude about the suspended sediment levels in rural and urban rivers?,1,无,"{'completion_tokens': 56, 'prompt_tokens': 594, 'total_tokens': 650, 'completion_tokens_details': {'reasoning_tokens': 33}, 'prompt_tokens_details': {'cached_tokens': 0}}"
42,book4_r1\013.json,"Consider an investigation into the possible effects on non-smokers of allowing smoking in a shared office environment. The investigators measured lung capacity using different methods and scenarios to identify differences between the central tendency of the samples collected. The tests explored in this chapter include: $t$ test, Mann-Whitney $U$ test, paired $t$ test, and Wilcoxon matched-pairs test.",,Measured the lung capacity (in cubic metres) of non-smoking staff in an office where smoking was allowed and similarly of non-smoking staff in an adjacent office where smoking had been banned for a month. Which test would you employ to identify differences between the central tendency of the samples?,0,该题目不适合用于检测学生的统计学水平，因为它主要是在直接考察学生对统计检验方法适用场景的基本理解，即判断应选用哪一种检验（$t$ 检验或 Mann-Whitney $U$ 检验），没有要求进行数据分析、计算或较深入的统计推断。这属于仅考察基本概念理解的题目，过于基础。,"{'completion_tokens': 225, 'prompt_tokens': 540, 'total_tokens': 765, 'completion_tokens_details': {'reasoning_tokens': 111}, 'prompt_tokens_details': {'cached_tokens': 0}}"
25,book4_r1\007.json,"In a survey to identify the level of public concern regarding two environmental topics (genetically modified food and intensive pesticide use), 20 people were asked to score their level of concern on a scale from 1 (not concerned at all) to 5 (very concerned). The results obtained were:

\begin{tabular}{lllllllllllllllllllll} 
Genetically modified food & 5 & 1 & 1 & 4 & 3 & 3 & 4 & 5 & 2 & 3 & 5 & 4 & 3 & 2 & 1 & 5 & 1 & 2 & 2 & 3 \\
Intensive pesticide use & 2 & 1 & 2 & 1 & 1 & 2 & 3 & 1 & 2 & 3 & 3 & 1 & 2 & 1 & 1 & 1 & 1 & 1 & 1 & 2 \\
\hline
\end{tabular}",,"(i) Calculate the statistics below for the level of public concern regarding each topic:

\begin{tabular}{lll}
\hline & Genetically modified food & Intensive pesticide use \\
\hline Median & & \\
Lower quartile & & \\
Upper quartile & & \\
\hline
\end{tabular}",1,无,"{'completion_tokens': 36, 'prompt_tokens': 737, 'total_tokens': 773, 'completion_tokens_details': {'reasoning_tokens': 13}, 'prompt_tokens_details': {'cached_tokens': 0}}"
58,book4_r1\018.json,"Trees were surveyed for the presence of lichen. Each lichen found was recorded as either occurring on the north, east, south or west quadrant of the tree: 36 lichens were found on north-facing quadrants, 50 on east-facing quadrants, 29 on south-facing quadrants and 45 on west-facing quadrants.",,"For lichens occurring on the north, east, south and west sides of trees, use the external hypothesis that lichen orientation is random, and display in a table the observed and expected number of lichens and the component $X^2$ values in a goodness of fit test.",1,无,"{'completion_tokens': 54, 'prompt_tokens': 601, 'total_tokens': 655, 'completion_tokens_details': {'reasoning_tokens': 31}, 'prompt_tokens_details': {'cached_tokens': 0}}"
29,book4_r1\008.json,"In a survey to assess the extent of fungal infection of a certain tree species, the percentage of leaves showing any infection was calculated for each of 20 individual trees. The following data (percentages) were recorded:

102 45 19 21 55 45 81 24 48 45 98","\begin{table}
\captionsetup{labelformat=empty}
\caption{Table D. 2 Values of t for use in calculating confidence limits and in unpaired and paired t tests. If using these values to calculate $95 \%$ confidence limits of the mean (see Box 2.6), then the df are $\mathrm{n}-1$. If this table is being used for an unpaired $\mathbf{t}$ test (see Box 4.1), the df are $\mathbf{n}_1+\mathbf{n}_2-\mathbf{2}$ (where $\mathbf{n}_1$ and $\mathbf{n}_2$ are the sizes of samples $\mathbf{1}$ and $\mathbf{2}$, respectively). If this table is being used for a paired $\mathbf{t}$ test (Box 4.5), the df are $\mathbf{n}-\mathbf{1}$ (where $\mathbf{n}$ is the number of data pairs). When used in t tests (paired or unpaired), the results are significant if the calculated value of t is higher than the table value}
\begin{tabular}{|l|l|l|l|l|l|}
\hline df & $t$ & & df & \multicolumn{2}{|l|}{\multirow[t]{2}{*}{$t$}} \
\hline $P=0.05$ & $P=0.01$ & $P=0.05$ & $P=0.01$ & & \
\hline 1 & 12.706 & 63.657 & 19 & 2.093 & 2.861 \
\hline 2 & 4.303 & 9.925 & 20 & 2.086 & 2.845 \
\hline 3 & 3.182 & 5.841 & 21 & 2.080 & 2.831 \
\hline 4 & 2.776 & 4.604 & 22 & 2.074 & 2.819 \
\hline 5 & 2.571 & 4.032 & 23 & 2.069 & 2.807 \
\hline 6 & 2.447 & 3.707 & 24 & 2.064 & 2.797 \
\hline 7 & 2.365 & 3.499 & 25 & 2.060 & 2.787 \
\hline 8 & 2.306 & 3.355 & 26 & 2.056 & 2.779 \
\hline
\end{tabular}
\end{table}

\begin{tabular}{|l|l|l|l|l|l|}
\hline df & t & & df & \multicolumn{2}{|l|}{$t$} \
\hline $P=0.05$ & $P=0.01$ & $P=0.05$ & $P=0.01$ & & \
\hline 9 & 2.262 & 3.250 & 27 & 2.052 & 2.771 \
\hline 10 & 2.228 & 3.169 & 28 & 2.048 & 2.763 \
\hline 11 & 2.201 & 3.106 & 29 & 2.045 & 2.756 \
\hline 12 & 2.179 & 3.055 & 30 & 2.042 & 2.750 \
\hline 13 & 2.160 & 3.012 & 40 & 2.021 & 2.704 \
\hline 14 & 2.145 & 2.977 & 50 & 2.009 & 2.678 \
\hline 15 & 2.131 & 2.947 & 60 & 2.000 & 2.660 \
\hline 16 & 2.120 & 2.921 & 100 & 1.984 & 2.626 \
\hline 17 & 2.110 & 2.898 & 120 & 1.980 & 2.617 \
\hline 18 & 2.101 & 2.878 & $\infty$ & 1.960 & 2.576 \
\hline
\end{tabular}","Calculate the following statistics on the transformed data (calculations may use either degrees or radians): Mean, Standard deviation, Standard error, Degrees of freedom, Lower 95% confidence level (L_lower), Upper 95% confidence level (L_upper).",0,题目不适合用于检测学生的统计学水平。原因是题干存在关键信息缺失和前后不一致：1）背景中说有20棵树的数据，但实际给出的百分比数据只有11个，样本量不一致；2）问题要求在“transformed data（转换后的数据）”上计算统计量，但题目并未说明采用何种变换方法，学生无法明确作答；3）答案中的自由度为19，对应样本量应为20，与已给出的11个数据也不一致。因此该题目描述不完整、难以理解，无法作为有效测评题。,"{'completion_tokens': 237, 'prompt_tokens': 1622, 'total_tokens': 1859, 'completion_tokens_details': {'reasoning_tokens': 74}, 'prompt_tokens_details': {'cached_tokens': 1280}}"
61,book4_r1\019.json,"$\mathrm{NO}_2$ concentrations (in parts per billion) in the exhaust fumes of different types of vehicle (cars, minibuses and buses) were sampled and the following data were obtained:

\begin{tabular}{lll}
\hline Car & Minibus & Bus \\
\hline 69 & 51 & 41 \\
62 & 45 & 48 \\
73 & 59 & 42
\end{tabular}
\begin{tabular}{|l|l|l|}
\hline Car & Minibus & Bus \\
\hline 70 & 57 & 39 \\
\hline 68 & 58 & 47 \\
\hline 68 & 54 & 49 \\
\hline 64 & 46 & 35 \\
\hline 71 & 48 & 41 \\
\hline
\end{tabular}",,Check that the variances of the three samples are not significantly different using an $F_{\text {max }}$ test.,1,无,"{'completion_tokens': 62, 'prompt_tokens': 668, 'total_tokens': 730, 'completion_tokens_details': {'reasoning_tokens': 39}, 'prompt_tokens_details': {'cached_tokens': 0}}"
75,book4_r1\024.json,"The data below show the percentage of mammal, bird and reptile/amphibian species at risk (as a percentage of those species known) in eight Central American countries:

\begin{tabular}{lllllllll}
\hline & Belize & Costa Rica & El Salvador & Guatemala & Honduras & Mexico & Nicaragua & Panama \\
\hline Mammals & 7.44 & 4.93 & 5.43 & 5.17 & 4.47 & 7.29 & 5.08 & 6.00 \\
Birds & 0.20 & 0.63 & 0.69 & 1.20 & 0.74 & 12.8 & 0.66 & 0.65 \\
Reptiles/ Amphibians & 6.02 & 2.44 & 5.38 & 3.30 & 4.13 & 3.90 & 4.07 & 3.27 \\
\hline
\end{tabular}",,"Carry out Friedman's matched group two-way analysis of variance using ranks to determine whether there is a difference between the percentage of the different groups of animals (mammals, birds and reptiles/amphibians) at risk (assume that we are not interested in differences between countries).",0,该题目本身属于统计分析计算题，原则上可以用于检测学生的统计学水平；但给出的answer字段并未提供实际解答结果，仅重复了题干数据并附了一个空白结果表，没有给出Friedman检验的秩均值、检验统计量、自由度或P值，因此答案实际上是不完整的，不能作为有效练习题的标准答案使用。,"{'completion_tokens': 221, 'prompt_tokens': 973, 'total_tokens': 1194, 'completion_tokens_details': {'reasoning_tokens': 109}, 'prompt_tokens_details': {'cached_tokens': 0}}"
47,book4_r1\015.json,"The management conducted a visitor survey on opinions about the level of charges for admissions into a nature reserve. Two questions were posed, and the responses were coded for analysis. The survey results from questioning 20 people are summarized in the following tables:

How frequently do you visit the park?

\begin{tabular}{|l|l|}
\hline Choice given to respondent & Code \\
\hline more than once a week & 6 \\
\hline once a week & 5 \\
\hline once a fortnight & 4 \\
\hline once a month & 3 \\
\hline several times a year & 2 \\
\hline once a year or less & 1 \\
\hline
\end{tabular}

What is the maximum you would be prepared to pay to enter this park?

\begin{tabular}{|l|l|}
\hline Choice given to respondent & Code \\
\hline 50 p or less & 1 \\
\hline up to 75p & 2 \\
\hline up to £1.00 & 3 \\
\hline up to £1.25 & 4 \\
\hline up to £1.50 & 5 \\
\hline up to £1.75 & 6 \\
\hline up to £2.00 & 7 \\
\hline up to £2.50 & 8 \\
\hline £2.50 or more & 9 \\
\hline
\end{tabular}

The results from questioning 20 people were as follows:

\begin{tabular}{|l|l|l|l|l|l|}
\hline Person & Frequency of visit & Amount prepared to pay & Person & Frequency of visit & Amount prepared to pay \\
\hline A & 3 & 5 & K & 4 & 3 \\
\hline B & 3 & 4 & L & 2 & 7 \\
\hline C & 2 & 9 & M & 1 & 8 \\
\hline D & 4 & 1 & N & 3 & 3 \\
\hline E & 2 & 2 & O & 4 & 6 \\
\hline F & 1 & 3 & P & 2 & 8 \\
\hline G & 6 & 1 & Q & 5 & 1 \\
\hline H & 2 & 9 & R & 3 & 6 \\
\hline I & 3 & 5 & S & 4 & 5 \\
\hline J & 3 & 3 & T & 6 & 2 \\
\hline
\end{tabular}",,What do you conclude about the relationship between the frequency of visits and the amount an individual is prepared to pay?,1,无,"{'completion_tokens': 66, 'prompt_tokens': 1066, 'total_tokens': 1132, 'completion_tokens_details': {'reasoning_tokens': 43}, 'prompt_tokens_details': {'cached_tokens': 0}}"
54,book4_r1\017.json,"As part of a study into the effects of woodland management on bird distribution, 36 woods were surveyed for the presence (P) or absence (A) of long-tailed tits and classified as one of three woodland types: pre-thicket (PT), thicket (T) or high forest (HF). The following data were obtained:

\begin{tabular}{|l|l|l|l|l|l|}
\hline Wood number & Wood type & Presence or absence of longtailed tits & Wood number & Wood type & Presence or absence of longtailed tits \\
\hline 1 & PT & P & 19 & HF & A \\
\hline 2 & HF & P & 20 & T & P \\
\hline 3 & PT & A & 21 & PT & P \\
\hline 4 & PT & P & 22 & PT & P \\
\hline 5 & HF & A & 23 & HF & A \\
\hline 6 & T & P & 24 & T & P \\
\hline 7 & HF & A & 25 & PT & A \\
\hline 8 & T & P & 26 & PT & P \\
\hline 9 & HF & P & 27 & HF & P \\
\hline 10 & T & P & 28 & T & P \\
\hline 11 & PT & A & 29 & PT & A \\
\hline 12 & T & A & 30 & PT & P \\
\hline 13 & T & P & 31 & T & P \\
\hline
\end{tabular}
\begin{tabular}{|l|l|l|l|l|l|}
\hline Wood number & Wood type & Presence or absence of longtailed tits & Wood number & Wood type & Presence or absence of longtailed tits \\
\hline 14 & HF & P & 32 & HF & A \\
\hline 15 & PT & A & 33 & T & P \\
\hline 16 & T & P & 34 & HF & A \\
\hline 17 & HF & A & 35 & PT & P \\
\hline 18 & HF & P & 36 & HF & A \\
\hline
\end{tabular}",,"Calculate the expected frequencies, place them in a table and check that the row, column and grand totals agree with those for the table of observed values.",1,无,"{'completion_tokens': 56, 'prompt_tokens': 1085, 'total_tokens': 1141, 'completion_tokens_details': {'reasoning_tokens': 33}, 'prompt_tokens_details': {'cached_tokens': 0}}"
21,book4_r1\006.json,"Twenty hedgehogs were sampled from a population in autumn (before hibernation) and weighed. In the spring, the population was again sampled and twenty hedgehogs were captured and weighed. The following data (in kilograms) were obtained:

\begin{tabular}{llllllllll}
Autumn & & & & & & & & & \\
0.91 & 0.87 & 0.97 & 0.79 & 1.09 & 0.96 & 0.98 & 0.82 & 0.84 & 0.89 \\
1.01 & 0.92 & 0.70 & 0.88 & 0.91 & 0.89 & 0.79 & 0.81 & 0.99 & 0.75 \\
Spring & & & & & & & & & \\
0.71 & 0.55 & 0.60 & 0.74 & 0.58 & 0.49 & 0.61 & 0.66 & 0.75 & 0.85 \\
0.61 & 0.49 & 0.59 & 0.83 & 0.74 & 0.77 & 0.82 & 0.57 & 0.66 & 0.71 \\
\hline
\end{tabular}","\begin{tabular}{|l|l|l|l|l|l|}
\hline df & $t$ & & df & \multicolumn{2}{|l|}{\multirow[t]{2}{*}{$t$}} \
\hline $P=0.05$ & $P=0.01$ & $P=0.05$ & $P=0.01$ & & \
\hline 1 & 12.706 & 63.657 & 19 & 2.093 & 2.861 \
\hline 2 & 4.303 & 9.925 & 20 & 2.086 & 2.845 \
\hline 3 & 3.182 & 5.841 & 21 & 2.080 & 2.831 \
\hline 4 & 2.776 & 4.604 & 22 & 2.074 & 2.819 \
\hline 5 & 2.571 & 4.032 & 23 & 2.069 & 2.807 \
\hline 6 & 2.447 & 3.707 & 24 & 2.064 & 2.797 \
\hline 7 & 2.365 & 3.499 & 25 & 2.060 & 2.787 \
\hline 8 & 2.306 & 3.355 & 26 & 2.056 & 2.779 \
\hline
\end{tabular}

\begin{tabular}{|l|l|l|l|l|l|}
\hline df & $t$ & & df & $t$ & \
\hline $P=0.05$ & $P=0.01$ & $\boldsymbol{P}=0.05$ & $P=0.01$ & & \
\hline 9 & 2.262 & 3.250 & 27 & 2.052 & 2.771 \
\hline 10 & 2.228 & 3.169 & 28 & 2.048 & 2.763 \
\hline 11 & 2.201 & 3.106 & 29 & 2.045 & 2.756 \
\hline 12 & 2.179 & 3.055 & 30 & 2.042 & 2.750 \
\hline 13 & 2.160 & 3.012 & 40 & 2.021 & 2.704 \
\hline 14 & 2.145 & 2.977 & 50 & 2.009 & 2.678 \
\hline 15 & 2.131 & 2.947 & 60 & 2.000 & 2.660 \
\hline 16 & 2.120 & 2.921 & 100 & 1.984 & 2.626 \
\hline 17 & 2.110 & 2.898 & 120 & 1.980 & 2.617 \
\hline 18 & 2.101 & 2.878 & $\infty$ & 1.960 & 2.576 \
\hline
\end{tabular}",Create a frequency table for the mass of hedgehogs caught in autumn.,1,无,"{'completion_tokens': 166, 'prompt_tokens': 1616, 'total_tokens': 1782, 'completion_tokens_details': {'reasoning_tokens': 143}, 'prompt_tokens_details': {'cached_tokens': 1280}}"
18,book4_r1\004.json,"An environmental researcher wishes to measure the plant diversity in an area of $100 \times 100 \mathrm{~m}$ in a meadow. She decides to take 100 readings using a 1 m quadrat, and considers the following three survey designs.",,"Identify which of the designs is random, systematic or stratified-random, and state briefly any main advantages and disadvantages of the method: (iii) Setting up ten parallel 100 m lines of quadrats (10 m apart) across the meadow with the quadrat 10 m apart on each of the lines.",0,该题主要是要求学生根据抽样设计的描述，直接识别其属于哪一种抽样方法（systematic），并简要说明其优缺点。这属于对统计学基本概念和基本方法的直接理解与辨认，不涉及数据分析、统计推断、图表绘制或数学计算，因此应视为过于基础，不适合用于检测学生的统计学水平。,"{'completion_tokens': 220, 'prompt_tokens': 535, 'total_tokens': 755, 'completion_tokens_details': {'reasoning_tokens': 112}, 'prompt_tokens_details': {'cached_tokens': 0}}"
57,book4_r1\017.json,"As part of a study into the effects of woodland management on bird distribution, 36 woods were surveyed for the presence (P) or absence (A) of long-tailed tits and classified as one of three woodland types: pre-thicket (PT), thicket (T) or high forest (HF). The following data were obtained:

\begin{tabular}{|l|l|l|l|l|l|}
\hline Wood number & Wood type & Presence or absence of longtailed tits & Wood number & Wood type & Presence or absence of longtailed tits \\
\hline 1 & PT & P & 19 & HF & A \\
\hline 2 & HF & P & 20 & T & P \\
\hline 3 & PT & A & 21 & PT & P \\
\hline 4 & PT & P & 22 & PT & P \\
\hline 5 & HF & A & 23 & HF & A \\
\hline 6 & T & P & 24 & T & P \\
\hline 7 & HF & A & 25 & PT & A \\
\hline 8 & T & P & 26 & PT & P \\
\hline 9 & HF & P & 27 & HF & P \\
\hline 10 & T & P & 28 & T & P \\
\hline 11 & PT & A & 29 & PT & A \\
\hline 12 & T & A & 30 & PT & P \\
\hline 13 & T & P & 31 & T & P \\
\hline
\end{tabular}
\begin{tabular}{|l|l|l|l|l|l|}
\hline Wood number & Wood type & Presence or absence of longtailed tits & Wood number & Wood type & Presence or absence of longtailed tits \\
\hline 14 & HF & P & 32 & HF & A \\
\hline 15 & PT & A & 33 & T & P \\
\hline 16 & T & P & 34 & HF & A \\
\hline 17 & HF & A & 35 & PT & P \\
\hline 18 & HF & P & 36 & HF & A \\
\hline
\end{tabular}",,What do you conclude regarding the distribution of long-tailed tits in the different types of woodland?,1,无,"{'completion_tokens': 63, 'prompt_tokens': 969, 'total_tokens': 1032, 'completion_tokens_details': {'reasoning_tokens': 40}, 'prompt_tokens_details': {'cached_tokens': 0}}"
