sample_key,round,is_accurate,missing_variables,redundant_variables,incorrect_fields,reason,revision_advice
51,0,1,[],[],[],变量抽取完全符合要求，准确提取了构建茎叶图所需的数值变量，且各项属性（class、role、value、description）均标注正确。,无
84,0,1,[],[],[],题目仅要求将百分比与描述性语句进行匹配，answer中没有实际调用任何统计学变量、数据列或样本统计量。因此，提取为空字典是完全正确的。,无
114,0,1,[],[],[],题目仅要求计算标准正态分布的特定百分位数（z score），不涉及任何实际采集的数据对象或其统计量。提取结果为空 JSON，完全符合规范。,无
126,0,1,[],[],[],变量抽取完整且准确，没有遗漏或冗余，各个字段的分类、角色和描述均符合要求，取值与题面及解答一致。,无
151,0,1,[],[],[],变量抽取完全符合要求。answer 中计算 z 统计量 (1.52) 隐式调用了样本量(18)、样本均值(70)、总体均值(69)和总体标准差(2.8)，这些均被正确地归纳在 male_height 变量的 value 中。class、role 和 description 均标注正确。,无
180,0,1,[],[],[],变量抽取完全符合要求。answer 中计算了 VISIT2 和 VISIT1 的差值并绘制茎叶图，根据规则，当利用多个原始变量构造新变量时，应保留所有原始变量。VISIT1 和 VISIT2 的取值、类型和角色（NR，仅用于描述数值分布）均正确无误。,无
210,0,1,[],[],[],变量抽取完整且准确，正确识别了自变量（Treatment）和因变量（Peak severity of symptoms），并且准确提取了对应的汇总统计量和分类水平，符合answer中的推断逻辑。,无
211,0,1,[],[],[],变量抽取完全符合要求，准确提取了用于绘制箱线图的分组变量（GROUP）和血压变化量（DELTA mm Hg），且分类、角色、取值及描述均正确无误。,无
238,0,1,[],[],[],该题目为关于相关系数的纯理论判断题，不涉及任何具体的数据对象、样本量或统计量。answer 中也没有实际调用任何变量，因此提取为空 JSON 是完全正确的。,无
272,0,0,"[""Treatment group sample size"", ""Treatment group fatal heart attacks"", ""Placebo group sample size"", ""Placebo group fatal heart attacks""]",[],[],"answer中明确使用了治疗组和安慰剂组的样本量（2221, 2223）以及致命性心脏病发作的次数（111, 189）来进行风险计算和假设检验。根据要求，样本量和成功次数属于需要提取的变量对象，当前提取结果为空，遗漏了这些关键变量。","请补充提取治疗组和安慰剂组的样本量及致命性心脏病发作次数。可以将其提取为四个独立的变量（如：Treatment group sample size, Treatment group fatal heart attacks等），或者提取为分组统计量/列联表的形式。"
319,0,1,[],[],[],answer仅提供了一个定性的结论，没有实际调用或计算任何具体的数据对象、样本量或统计量，因此输出空JSON是完全正确的。,无
346,0,1,[],[],[],提取的变量准确反映了 answer 中实际使用的数据对象。Site 1 的数据未被使用，因此被正确地排除。变量的 class、role、value 和 description 均填写正确。,无
361,0,1,[],[],[],变量抽取完全符合要求。answer中实际使用了'No. of success'和'Probability'来计算期望值，抽取结果准确包含了这两个变量，且各个字段（class、role、value、description）的定义和取值均正确无误。,无
405,0,1,[],[],[],answer为空，未实际使用任何变量对象，提取结果为空JSON符合要求。,无
446,0,1,[],[],[],answer中没有展示任何实际的推理或计算过程，未调用题目背景中提供的任何变量对象，因此输出空JSON是完全正确的。,无
468,0,1,[],[],[],提取的变量完全符合要求，仅包含了 answer 中实际使用的样本量 n1 和 n2，没有提取未使用的均值和标准差。各字段的 class、role、value 和 description 均正确无误。,无
469,0,1,[],[],[],提取的变量准确反映了 answer 中用于计算合并方差的样本量和标准差。未被实际使用的均值被正确排除。变量的 class、role 和 description 均符合规范。,无
473,0,1,[],[],[],提取的变量准确无误，包含了answer中实际使用的所有数据对象（误差容限和合并方差），且正确排除了z-score等统计分布相关的参数。各字段的分类、角色和描述均符合要求。,无
522,0,1,[],[],[],answer中仅直接给出了从图表中读取的置信区间结果，并未实际调用background或question中的任何数据（如试验总数8或成功次数6）进行计算或推理。因此，不提取任何变量是完全正确的。,无
548,0,1,[],[],[],answer为null，没有实际使用任何变量对象，提取为空JSON完全符合要求。,无
